places,address,link,user,star,creat_date,comment,data_llm
Minh_Long_-_Showroom_Qu·∫≠n_3,"17 B√† Huy·ªán Thanh Quan, Ph∆∞·ªùng V√µ Th·ªã S√°u, Qu·∫≠n 3, H·ªì Ch√≠ Minh 700000","https://www.google.com/maps/place/Minh+Long+-+Showroom+Qu%E1%BA%ADn+3/@10.775,106.69,17z/data=!4m6!3m5!1s0x31752f3b11eea597:0x2c5b19d03e4995e5!8m2!3d10.775!4d106.69!16s%2Fg%2F1hcbkkl0x?authuser=0&hl=en&entry=ttu&g_ep=EgoyMDI1MDMyNS4xIKXMDSoASAFQAw%3D%3D",Paulina Kosmowska-Monroy,5.0,2025-04-01,"An absolute pleasure to shop there. Amazing quality table ware; we bought about 16 kg of bowls, plates, tea sets, and various dishes, which is already sitting nicely in our kitchen cabinets, per attached photos. Service was incredible. Extremely helpful and honest staff; we received lots of suggestions, and were informed when, for example, certain dishes would not be microwave or dishwasher safe. All items were packed in such way that they survived two plane trips, one 12.5h and one 2h, undelicate handling by airport staff, and the taxi drivers. Not a single item was broken.  Prices are a bit high, but the products are really worth it. In the UK we would likely have paid four or five times the price for these products. We paid about GBP 130 for a tea set with six cups and saucers, seven-item set of tableware consisting of plates, soup bowls, spoons, with a matching set of tea/coffee pot, with seven cups and saucers, sugar and cream bowls, two big oval plates for serving food, a matching soup tureen, and another bigger soup tureen.  I attached photos of some (but not all) items, mainly due to laziness to take the tureens out of cupboards :-)","
{
    ""danh_sach_tu_tot"": ""absolute pleasure, amazing quality, incredible, extremely helpful, honest, safe, worth it"",
    ""danh_sach_tu_xau"": ""a bit high, undelicate handling, laziness""
}
"
Minh_Long_-_Showroom_Qu·∫≠n_3,"17 B√† Huy·ªán Thanh Quan, Ph∆∞·ªùng V√µ Th·ªã S√°u, Qu·∫≠n 3, H·ªì Ch√≠ Minh 700000","https://www.google.com/maps/place/Minh+Long+-+Showroom+Qu%E1%BA%ADn+3/@10.775,106.69,17z/data=!4m6!3m5!1s0x31752f3b11eea597:0x2c5b19d03e4995e5!8m2!3d10.775!4d106.69!16s%2Fg%2F1hcbkkl0x?authuser=0&hl=en&entry=ttu&g_ep=EgoyMDI1MDMyNS4xIKXMDSoASAFQAw%3D%3D",Jimmy Nguyen,5.0,2024-08-01,Dung/Julie is the best seller in Minh Long Showroom Q3. She knows all the materials and information you could possibly need or want. There was no question she couldn‚Äôt answer and even ordered items for us from other stores so we can see samples. I would highly recommend finding her if you come her and have her show you around. Summer  July/2024,"
{
    ""danh_sach_tu_tot"": ""best, knows all, need, want, no question she couldn‚Äôt answer, recommend"",
    ""danh_sach_tu_xau"": null
}
"
Minh_Long_-_Showroom_Qu·∫≠n_3,"17 B√† Huy·ªán Thanh Quan, Ph∆∞·ªùng V√µ Th·ªã S√°u, Qu·∫≠n 3, H·ªì Ch√≠ Minh 700000","https://www.google.com/maps/place/Minh+Long+-+Showroom+Qu%E1%BA%ADn+3/@10.775,106.69,17z/data=!4m6!3m5!1s0x31752f3b11eea597:0x2c5b19d03e4995e5!8m2!3d10.775!4d106.69!16s%2Fg%2F1hcbkkl0x?authuser=0&hl=en&entry=ttu&g_ep=EgoyMDI1MDMyNS4xIKXMDSoASAFQAw%3D%3D",Hu·ª≥nh T·∫•n ƒê·ª©c,5.0,2025-04-01,Awesome Vietnam Traditional Ceramics. Love it so much üíñüíñüíñüíñüíñüíñüíñüíñ ‚Ä¶,"
{
    ""danh_sach_tu_tot"": ""Awesome, Love it so much"",
    ""danh_sach_tu_xau"": null
}
"
Minh_Long_-_Showroom_Qu·∫≠n_3,"17 B√† Huy·ªán Thanh Quan, Ph∆∞·ªùng V√µ Th·ªã S√°u, Qu·∫≠n 3, H·ªì Ch√≠ Minh 700000","https://www.google.com/maps/place/Minh+Long+-+Showroom+Qu%E1%BA%ADn+3/@10.775,106.69,17z/data=!4m6!3m5!1s0x31752f3b11eea597:0x2c5b19d03e4995e5!8m2!3d10.775!4d106.69!16s%2Fg%2F1hcbkkl0x?authuser=0&hl=en&entry=ttu&g_ep=EgoyMDI1MDMyNS4xIKXMDSoASAFQAw%3D%3D",Tung Mai,5.0,2025-04-01,"It's simply the best place to get high quality Vietnamese ceramics. Service is quite good. Significantly, Minh Long's ceramics are outstanding in term of quality. However, Minh Long need to try harder to improve their design to give customers more options to choose. I've used Minh Long's products for years and got no complaint up to now.","
{
    ""danh_sach_tu_tot"": ""best, high quality, good, outstanding, no complaint"",
    ""danh_sach_tu_xau"": ""need to try harder""
}
"
Minh_Long_-_Showroom_Qu·∫≠n_3,"17 B√† Huy·ªán Thanh Quan, Ph∆∞·ªùng V√µ Th·ªã S√°u, Qu·∫≠n 3, H·ªì Ch√≠ Minh 700000","https://www.google.com/maps/place/Minh+Long+-+Showroom+Qu%E1%BA%ADn+3/@10.775,106.69,17z/data=!4m6!3m5!1s0x31752f3b11eea597:0x2c5b19d03e4995e5!8m2!3d10.775!4d106.69!16s%2Fg%2F1hcbkkl0x?authuser=0&hl=en&entry=ttu&g_ep=EgoyMDI1MDMyNS4xIKXMDSoASAFQAw%3D%3D",Vo Quynh Huong,5.0,2025-04-01,"Can find all Minh Long pottery ceramic here. Good design but a little bit narrow aisle. Wholesale, retail also. Free parking if buying items.","
{
    ""danh_sach_tu_tot"": ""Good design, Free parking"",
    ""danh_sach_tu_xau"": ""a little bit narrow""
}
"
Minh_Long_-_Showroom_Qu·∫≠n_3,"17 B√† Huy·ªán Thanh Quan, Ph∆∞·ªùng V√µ Th·ªã S√°u, Qu·∫≠n 3, H·ªì Ch√≠ Minh 700000","https://www.google.com/maps/place/Minh+Long+-+Showroom+Qu%E1%BA%ADn+3/@10.775,106.69,17z/data=!4m6!3m5!1s0x31752f3b11eea597:0x2c5b19d03e4995e5!8m2!3d10.775!4d106.69!16s%2Fg%2F1hcbkkl0x?authuser=0&hl=en&entry=ttu&g_ep=EgoyMDI1MDMyNS4xIKXMDSoASAFQAw%3D%3D",Sudha Rawat,5.0,2025-04-01,It's a delightful place which has something for everyone! It is not a tourist trap and has well priced authentic ceramics. The staff is polite and packing is good. Must visit!,"
{
    ""danh_sach_tu_tot"": ""delightful, has something for everyone, well priced, authentic, polite, good, Must visit"",
    ""danh_sach_tu_xau"": ""tourist trap""
}
"
Minh_Long_-_Showroom_Qu·∫≠n_3,"17 B√† Huy·ªán Thanh Quan, Ph∆∞·ªùng V√µ Th·ªã S√°u, Qu·∫≠n 3, H·ªì Ch√≠ Minh 700000","https://www.google.com/maps/place/Minh+Long+-+Showroom+Qu%E1%BA%ADn+3/@10.775,106.69,17z/data=!4m6!3m5!1s0x31752f3b11eea597:0x2c5b19d03e4995e5!8m2!3d10.775!4d106.69!16s%2Fg%2F1hcbkkl0x?authuser=0&hl=en&entry=ttu&g_ep=EgoyMDI1MDMyNS4xIKXMDSoASAFQAw%3D%3D",Phuong Sophia,5.0,2024-04-01,"Nice place,you can choose the ceramic with Minh Long good quality and price reasonable","
{
    ""danh_sach_tu_tot"": ""Nice, good quality, price reasonable"",
    ""danh_sach_tu_xau"": null
}
"
Minh_Long_-_Showroom_Qu·∫≠n_3,"17 B√† Huy·ªán Thanh Quan, Ph∆∞·ªùng V√µ Th·ªã S√°u, Qu·∫≠n 3, H·ªì Ch√≠ Minh 700000","https://www.google.com/maps/place/Minh+Long+-+Showroom+Qu%E1%BA%ADn+3/@10.775,106.69,17z/data=!4m6!3m5!1s0x31752f3b11eea597:0x2c5b19d03e4995e5!8m2!3d10.775!4d106.69!16s%2Fg%2F1hcbkkl0x?authuser=0&hl=en&entry=ttu&g_ep=EgoyMDI1MDMyNS4xIKXMDSoASAFQAw%3D%3D",Vo Tan Phuoc,5.0,2025-04-01,"Excellent vienamese porcelain store and company. A lot of beautiful stuffs ! If you love kitchenwear, teapot, look for small gift, it should be a good place to go","
{
    ""danh_sach_tu_tot"": ""Excellent, beautiful, good"",
    ""danh_sach_tu_xau"": null
}
"
Minh_Long_-_Showroom_Qu·∫≠n_3,"17 B√† Huy·ªán Thanh Quan, Ph∆∞·ªùng V√µ Th·ªã S√°u, Qu·∫≠n 3, H·ªì Ch√≠ Minh 700000","https://www.google.com/maps/place/Minh+Long+-+Showroom+Qu%E1%BA%ADn+3/@10.775,106.69,17z/data=!4m6!3m5!1s0x31752f3b11eea597:0x2c5b19d03e4995e5!8m2!3d10.775!4d106.69!16s%2Fg%2F1hcbkkl0x?authuser=0&hl=en&entry=ttu&g_ep=EgoyMDI1MDMyNS4xIKXMDSoASAFQAw%3D%3D",tchongi nguyen,5.0,2025-04-01,Excellent quality china  The showroom itself is worth visiting as all the china sets are d√≠splayed. This kind of quality would probably cost 2 times more in Europe.,"
{
    ""danh_sach_tu_tot"": ""Excellent quality"",
    ""danh_sach_tu_xau"": null
}
"
Minh_Long_-_Showroom_Qu·∫≠n_3,"17 B√† Huy·ªán Thanh Quan, Ph∆∞·ªùng V√µ Th·ªã S√°u, Qu·∫≠n 3, H·ªì Ch√≠ Minh 700000","https://www.google.com/maps/place/Minh+Long+-+Showroom+Qu%E1%BA%ADn+3/@10.775,106.69,17z/data=!4m6!3m5!1s0x31752f3b11eea597:0x2c5b19d03e4995e5!8m2!3d10.775!4d106.69!16s%2Fg%2F1hcbkkl0x?authuser=0&hl=en&entry=ttu&g_ep=EgoyMDI1MDMyNS4xIKXMDSoASAFQAw%3D%3D",Thu·∫•n Anh V√µ,5.0,2025-04-01,This showroom shows and sells glaze.,"
{
    ""danh_sach_tu_tot"": """",
    ""danh_sach_tu_xau"": """"
}
"
Minh_Long_-_Showroom_Qu·∫≠n_3,"17 B√† Huy·ªán Thanh Quan, Ph∆∞·ªùng V√µ Th·ªã S√°u, Qu·∫≠n 3, H·ªì Ch√≠ Minh 700000","https://www.google.com/maps/place/Minh+Long+-+Showroom+Qu%E1%BA%ADn+3/@10.775,106.69,17z/data=!4m6!3m5!1s0x31752f3b11eea597:0x2c5b19d03e4995e5!8m2!3d10.775!4d106.69!16s%2Fg%2F1hcbkkl0x?authuser=0&hl=en&entry=ttu&g_ep=EgoyMDI1MDMyNS4xIKXMDSoASAFQAw%3D%3D",Emily White,5.0,2025-04-01,"Very nice shop, fun to look at all the different designs and pick out things to purchase!","
{
    ""danh_sach_tu_tot"": ""Very nice, fun, different"",
    ""danh_sach_tu_xau"": null
}
"
Minh_Long_-_Showroom_Qu·∫≠n_3,"17 B√† Huy·ªán Thanh Quan, Ph∆∞·ªùng V√µ Th·ªã S√°u, Qu·∫≠n 3, H·ªì Ch√≠ Minh 700000","https://www.google.com/maps/place/Minh+Long+-+Showroom+Qu%E1%BA%ADn+3/@10.775,106.69,17z/data=!4m6!3m5!1s0x31752f3b11eea597:0x2c5b19d03e4995e5!8m2!3d10.775!4d106.69!16s%2Fg%2F1hcbkkl0x?authuser=0&hl=en&entry=ttu&g_ep=EgoyMDI1MDMyNS4xIKXMDSoASAFQAw%3D%3D",Hu·ª≥nh Kim T√¢n,4.0,2025-04-01,Beautiful showroom and very good service!,"
{
    ""danh_sach_tu_tot"": ""Beautiful, very good"",
    ""danh_sach_tu_xau"": """"
}
"
Minh_Long_-_Showroom_Qu·∫≠n_3,"17 B√† Huy·ªán Thanh Quan, Ph∆∞·ªùng V√µ Th·ªã S√°u, Qu·∫≠n 3, H·ªì Ch√≠ Minh 700000","https://www.google.com/maps/place/Minh+Long+-+Showroom+Qu%E1%BA%ADn+3/@10.775,106.69,17z/data=!4m6!3m5!1s0x31752f3b11eea597:0x2c5b19d03e4995e5!8m2!3d10.775!4d106.69!16s%2Fg%2F1hcbkkl0x?authuser=0&hl=en&entry=ttu&g_ep=EgoyMDI1MDMyNS4xIKXMDSoASAFQAw%3D%3D",NGUYEN NGOC CHUNG,3.0,2025-04-01,Beautiful good quality products except newly made pottery utensils seems not very resistant to heat...,"
{
    ""danh_sach_tu_tot"": ""Beautiful, good quality"",
    ""danh_sach_tu_xau"": ""not very resistant""
}
"
Minh_Long_-_Showroom_Qu·∫≠n_3,"17 B√† Huy·ªán Thanh Quan, Ph∆∞·ªùng V√µ Th·ªã S√°u, Qu·∫≠n 3, H·ªì Ch√≠ Minh 700000","https://www.google.com/maps/place/Minh+Long+-+Showroom+Qu%E1%BA%ADn+3/@10.775,106.69,17z/data=!4m6!3m5!1s0x31752f3b11eea597:0x2c5b19d03e4995e5!8m2!3d10.775!4d106.69!16s%2Fg%2F1hcbkkl0x?authuser=0&hl=en&entry=ttu&g_ep=EgoyMDI1MDMyNS4xIKXMDSoASAFQAw%3D%3D",Joseph Cho,3.0,2025-04-01,"Nice pottery of vietnam, too busy and bit slow packing. But still meaningful to visit!","
{
    ""danh_sach_tu_tot"": ""Nice, meaningful"",
    ""danh_sach_tu_xau"": ""too busy, slow packing""
}
"
Minh_Long_-_Showroom_Qu·∫≠n_3,"17 B√† Huy·ªán Thanh Quan, Ph∆∞·ªùng V√µ Th·ªã S√°u, Qu·∫≠n 3, H·ªì Ch√≠ Minh 700000","https://www.google.com/maps/place/Minh+Long+-+Showroom+Qu%E1%BA%ADn+3/@10.775,106.69,17z/data=!4m6!3m5!1s0x31752f3b11eea597:0x2c5b19d03e4995e5!8m2!3d10.775!4d106.69!16s%2Fg%2F1hcbkkl0x?authuser=0&hl=en&entry=ttu&g_ep=EgoyMDI1MDMyNS4xIKXMDSoASAFQAw%3D%3D",Jason Ho,5.0,2024-04-01,Great products and amazing services and staff,"
{
    ""danh_sach_tu_tot"": ""Great, amazing"",
    ""danh_sach_tu_xau"": """"
}
"
Minh_Long_-_Showroom_Qu·∫≠n_3,"17 B√† Huy·ªán Thanh Quan, Ph∆∞·ªùng V√µ Th·ªã S√°u, Qu·∫≠n 3, H·ªì Ch√≠ Minh 700000","https://www.google.com/maps/place/Minh+Long+-+Showroom+Qu%E1%BA%ADn+3/@10.775,106.69,17z/data=!4m6!3m5!1s0x31752f3b11eea597:0x2c5b19d03e4995e5!8m2!3d10.775!4d106.69!16s%2Fg%2F1hcbkkl0x?authuser=0&hl=en&entry=ttu&g_ep=EgoyMDI1MDMyNS4xIKXMDSoASAFQAw%3D%3D",Th√∫c Nha,5.0,2024-06-01,Ok,"
{
    ""danh_sach_tu_tot"": ""Ok"",
    ""danh_sach_tu_xau"": """"
}
"
Minh_Long_-_Showroom_Qu·∫≠n_3,"17 B√† Huy·ªán Thanh Quan, Ph∆∞·ªùng V√µ Th·ªã S√°u, Qu·∫≠n 3, H·ªì Ch√≠ Minh 700000","https://www.google.com/maps/place/Minh+Long+-+Showroom+Qu%E1%BA%ADn+3/@10.775,106.69,17z/data=!4m6!3m5!1s0x31752f3b11eea597:0x2c5b19d03e4995e5!8m2!3d10.775!4d106.69!16s%2Fg%2F1hcbkkl0x?authuser=0&hl=en&entry=ttu&g_ep=EgoyMDI1MDMyNS4xIKXMDSoASAFQAw%3D%3D",Pankaj Garg,3.0,2025-04-01,Good Collection but quite expensive,"
{
    ""danh_sach_tu_tot"": ""Good Collection"",
    ""danh_sach_tu_xau"": ""expensive""
}
"
Minh_Long_-_Showroom_Qu·∫≠n_3,"17 B√† Huy·ªán Thanh Quan, Ph∆∞·ªùng V√µ Th·ªã S√°u, Qu·∫≠n 3, H·ªì Ch√≠ Minh 700000","https://www.google.com/maps/place/Minh+Long+-+Showroom+Qu%E1%BA%ADn+3/@10.775,106.69,17z/data=!4m6!3m5!1s0x31752f3b11eea597:0x2c5b19d03e4995e5!8m2!3d10.775!4d106.69!16s%2Fg%2F1hcbkkl0x?authuser=0&hl=en&entry=ttu&g_ep=EgoyMDI1MDMyNS4xIKXMDSoASAFQAw%3D%3D",Ph·∫≠t Gi√°o NS,4.0,2025-04-01,Good store for buying ceramics,"
{
    ""danh_sach_tu_tot"": ""Good"",
    ""danh_sach_tu_xau"": null
}
"
Minh_Long_-_Showroom_Qu·∫≠n_3,"17 B√† Huy·ªán Thanh Quan, Ph∆∞·ªùng V√µ Th·ªã S√°u, Qu·∫≠n 3, H·ªì Ch√≠ Minh 700000","https://www.google.com/maps/place/Minh+Long+-+Showroom+Qu%E1%BA%ADn+3/@10.775,106.69,17z/data=!4m6!3m5!1s0x31752f3b11eea597:0x2c5b19d03e4995e5!8m2!3d10.775!4d106.69!16s%2Fg%2F1hcbkkl0x?authuser=0&hl=en&entry=ttu&g_ep=EgoyMDI1MDMyNS4xIKXMDSoASAFQAw%3D%3D",Ly Cong Hao,5.0,2025-04-01,very good,"
{
    ""danh_sach_tu_tot"": ""very good"",
    ""danh_sach_tu_xau"": """"
}
"
Minh_Long_-_Showroom_Qu·∫≠n_3,"17 B√† Huy·ªán Thanh Quan, Ph∆∞·ªùng V√µ Th·ªã S√°u, Qu·∫≠n 3, H·ªì Ch√≠ Minh 700000","https://www.google.com/maps/place/Minh+Long+-+Showroom+Qu%E1%BA%ADn+3/@10.775,106.69,17z/data=!4m6!3m5!1s0x31752f3b11eea597:0x2c5b19d03e4995e5!8m2!3d10.775!4d106.69!16s%2Fg%2F1hcbkkl0x?authuser=0&hl=en&entry=ttu&g_ep=EgoyMDI1MDMyNS4xIKXMDSoASAFQAw%3D%3D",Khanh TRAN,4.0,2025-04-01,It is a nice showroom,"
{
    ""danh_sach_tu_tot"": ""nice"",
    ""danh_sach_tu_xau"": null
}
"
Minh_Long_-_Showroom_Qu·∫≠n_3,"17 B√† Huy·ªán Thanh Quan, Ph∆∞·ªùng V√µ Th·ªã S√°u, Qu·∫≠n 3, H·ªì Ch√≠ Minh 700000","https://www.google.com/maps/place/Minh+Long+-+Showroom+Qu%E1%BA%ADn+3/@10.775,106.69,17z/data=!4m6!3m5!1s0x31752f3b11eea597:0x2c5b19d03e4995e5!8m2!3d10.775!4d106.69!16s%2Fg%2F1hcbkkl0x?authuser=0&hl=en&entry=ttu&g_ep=EgoyMDI1MDMyNS4xIKXMDSoASAFQAw%3D%3D",Gia Han Tran Trinh,3.0,2025-04-01,On,"T√¥i xin l·ªói, b·∫°n c·∫ßn cung c·∫•p ƒëo·∫°n vƒÉn/c√¢u vƒÉn c·ª• th·ªÉ ƒë·ªÉ t√¥i c√≥ th·ªÉ ph√¢n t√≠ch v√† ƒë√°nh gi√° c·∫£m x√∫c. Vui l√≤ng cung c·∫•p th√¥ng tin n√†y ƒë·ªÉ t√¥i c√≥ th·ªÉ gi√∫p b·∫°n."
Minh_Long_-_Showroom_Qu·∫≠n_3,"17 B√† Huy·ªán Thanh Quan, Ph∆∞·ªùng V√µ Th·ªã S√°u, Qu·∫≠n 3, H·ªì Ch√≠ Minh 700000","https://www.google.com/maps/place/Minh+Long+-+Showroom+Qu%E1%BA%ADn+3/@10.775,106.69,17z/data=!4m6!3m5!1s0x31752f3b11eea597:0x2c5b19d03e4995e5!8m2!3d10.775!4d106.69!16s%2Fg%2F1hcbkkl0x?authuser=0&hl=en&entry=ttu&g_ep=EgoyMDI1MDMyNS4xIKXMDSoASAFQAw%3D%3D",CAO DONG PHAM,4.0,2025-04-01,Great place to shopping,"
{
    ""danh_sach_tu_tot"": ""Great"",
    ""danh_sach_tu_xau"": null
}
"
Minh_Long_-_Showroom_Qu·∫≠n_3,"17 B√† Huy·ªán Thanh Quan, Ph∆∞·ªùng V√µ Th·ªã S√°u, Qu·∫≠n 3, H·ªì Ch√≠ Minh 700000","https://www.google.com/maps/place/Minh+Long+-+Showroom+Qu%E1%BA%ADn+3/@10.775,106.69,17z/data=!4m6!3m5!1s0x31752f3b11eea597:0x2c5b19d03e4995e5!8m2!3d10.775!4d106.69!16s%2Fg%2F1hcbkkl0x?authuser=0&hl=en&entry=ttu&g_ep=EgoyMDI1MDMyNS4xIKXMDSoASAFQAw%3D%3D",Bac Kieu,3.0,2025-04-01,Pricey,"
{
    ""danh_sach_tu_tot"": """",
    ""danh_sach_tu_xau"": ""Pricey""
}
"
Minh_Long_-_Showroom_Qu·∫≠n_3,"17 B√† Huy·ªán Thanh Quan, Ph∆∞·ªùng V√µ Th·ªã S√°u, Qu·∫≠n 3, H·ªì Ch√≠ Minh 700000","https://www.google.com/maps/place/Minh+Long+-+Showroom+Qu%E1%BA%ADn+3/@10.775,106.69,17z/data=!4m6!3m5!1s0x31752f3b11eea597:0x2c5b19d03e4995e5!8m2!3d10.775!4d106.69!16s%2Fg%2F1hcbkkl0x?authuser=0&hl=en&entry=ttu&g_ep=EgoyMDI1MDMyNS4xIKXMDSoASAFQAw%3D%3D",Antoine Sirot,5.0,2025-04-01,Professional welcome and clear information,"
{
    ""danh_sach_tu_tot"": ""Professional, clear"",
    ""danh_sach_tu_xau"": """"
}
"
Minh_Long_-_Showroom_Qu·∫≠n_3,"17 B√† Huy·ªán Thanh Quan, Ph∆∞·ªùng V√µ Th·ªã S√°u, Qu·∫≠n 3, H·ªì Ch√≠ Minh 700000","https://www.google.com/maps/place/Minh+Long+-+Showroom+Qu%E1%BA%ADn+3/@10.775,106.69,17z/data=!4m6!3m5!1s0x31752f3b11eea597:0x2c5b19d03e4995e5!8m2!3d10.775!4d106.69!16s%2Fg%2F1hcbkkl0x?authuser=0&hl=en&entry=ttu&g_ep=EgoyMDI1MDMyNS4xIKXMDSoASAFQAw%3D%3D",cuong vo van tri,5.0,2025-04-01,Ok,"
{
    ""danh_sach_tu_tot"": ""Ok"",
    ""danh_sach_tu_xau"": """"
}
"
Minh_Long_-_Showroom_Qu·∫≠n_3,"17 B√† Huy·ªán Thanh Quan, Ph∆∞·ªùng V√µ Th·ªã S√°u, Qu·∫≠n 3, H·ªì Ch√≠ Minh 700000","https://www.google.com/maps/place/Minh+Long+-+Showroom+Qu%E1%BA%ADn+3/@10.775,106.69,17z/data=!4m6!3m5!1s0x31752f3b11eea597:0x2c5b19d03e4995e5!8m2!3d10.775!4d106.69!16s%2Fg%2F1hcbkkl0x?authuser=0&hl=en&entry=ttu&g_ep=EgoyMDI1MDMyNS4xIKXMDSoASAFQAw%3D%3D",VNH Singapore,3.0,2025-04-01,Many items for shopping,"
{
    ""danh_sach_tu_tot"": ""many"",
    ""danh_sach_tu_xau"": """"
}
"
Minh_Long_-_Showroom_Qu·∫≠n_3,"17 B√† Huy·ªán Thanh Quan, Ph∆∞·ªùng V√µ Th·ªã S√°u, Qu·∫≠n 3, H·ªì Ch√≠ Minh 700000","https://www.google.com/maps/place/Minh+Long+-+Showroom+Qu%E1%BA%ADn+3/@10.775,106.69,17z/data=!4m6!3m5!1s0x31752f3b11eea597:0x2c5b19d03e4995e5!8m2!3d10.775!4d106.69!16s%2Fg%2F1hcbkkl0x?authuser=0&hl=en&entry=ttu&g_ep=EgoyMDI1MDMyNS4xIKXMDSoASAFQAw%3D%3D",Hoai Vu Tran,3.0,2025-04-01,Good,"
{
    ""danh_sach_tu_tot"": ""Good"",
    ""danh_sach_tu_xau"": """"
}
"
Minh_Long_-_Showroom_Qu·∫≠n_3,"17 B√† Huy·ªán Thanh Quan, Ph∆∞·ªùng V√µ Th·ªã S√°u, Qu·∫≠n 3, H·ªì Ch√≠ Minh 700000","https://www.google.com/maps/place/Minh+Long+-+Showroom+Qu%E1%BA%ADn+3/@10.775,106.69,17z/data=!4m6!3m5!1s0x31752f3b11eea597:0x2c5b19d03e4995e5!8m2!3d10.775!4d106.69!16s%2Fg%2F1hcbkkl0x?authuser=0&hl=en&entry=ttu&g_ep=EgoyMDI1MDMyNS4xIKXMDSoASAFQAw%3D%3D",Jade Truong,5.0,2025-04-01,Local ceramic,"T√¥i c·∫ßn ƒëo·∫°n vƒÉn/c√¢u vƒÉn c·ª• th·ªÉ ƒë·ªÉ ƒë√°nh gi√° ""Local ceramic"". Vui l√≤ng cung c·∫•p ƒëo·∫°n vƒÉn/c√¢u vƒÉn ƒë√≥."
Minh_Long_-_Showroom_Qu·∫≠n_3,"17 B√† Huy·ªán Thanh Quan, Ph∆∞·ªùng V√µ Th·ªã S√°u, Qu·∫≠n 3, H·ªì Ch√≠ Minh 700000","https://www.google.com/maps/place/Minh+Long+-+Showroom+Qu%E1%BA%ADn+3/@10.775,106.69,17z/data=!4m6!3m5!1s0x31752f3b11eea597:0x2c5b19d03e4995e5!8m2!3d10.775!4d106.69!16s%2Fg%2F1hcbkkl0x?authuser=0&hl=en&entry=ttu&g_ep=EgoyMDI1MDMyNS4xIKXMDSoASAFQAw%3D%3D",Cuong Phan,5.0,2025-04-01,Great place,"
{
    ""danh_sach_tu_tot"": ""Great"",
    ""danh_sach_tu_xau"": null
}
"
Minh_Long_-_Showroom_Qu·∫≠n_3,"17 B√† Huy·ªán Thanh Quan, Ph∆∞·ªùng V√µ Th·ªã S√°u, Qu·∫≠n 3, H·ªì Ch√≠ Minh 700000","https://www.google.com/maps/place/Minh+Long+-+Showroom+Qu%E1%BA%ADn+3/@10.775,106.69,17z/data=!4m6!3m5!1s0x31752f3b11eea597:0x2c5b19d03e4995e5!8m2!3d10.775!4d106.69!16s%2Fg%2F1hcbkkl0x?authuser=0&hl=en&entry=ttu&g_ep=EgoyMDI1MDMyNS4xIKXMDSoASAFQAw%3D%3D",DUY THIEN,5.0,2025-04-01,Good,"
{
    ""danh_sach_tu_tot"": ""Good"",
    ""danh_sach_tu_xau"": """"
}
"
Minh_Long_-_Showroom_Qu·∫≠n_3,"17 B√† Huy·ªán Thanh Quan, Ph∆∞·ªùng V√µ Th·ªã S√°u, Qu·∫≠n 3, H·ªì Ch√≠ Minh 700000","https://www.google.com/maps/place/Minh+Long+-+Showroom+Qu%E1%BA%ADn+3/@10.775,106.69,17z/data=!4m6!3m5!1s0x31752f3b11eea597:0x2c5b19d03e4995e5!8m2!3d10.775!4d106.69!16s%2Fg%2F1hcbkkl0x?authuser=0&hl=en&entry=ttu&g_ep=EgoyMDI1MDMyNS4xIKXMDSoASAFQAw%3D%3D",Ng·ªçc H√¢n ƒê·∫∑ng Nguy·ªÖn,4.0,2025-04-01,Good,"
{
    ""danh_sach_tu_tot"": ""Good"",
    ""danh_sach_tu_xau"": """"
}
"
Minh_Long_-_Showroom_Qu·∫≠n_3,"17 B√† Huy·ªán Thanh Quan, Ph∆∞·ªùng V√µ Th·ªã S√°u, Qu·∫≠n 3, H·ªì Ch√≠ Minh 700000","https://www.google.com/maps/place/Minh+Long+-+Showroom+Qu%E1%BA%ADn+3/@10.775,106.69,17z/data=!4m6!3m5!1s0x31752f3b11eea597:0x2c5b19d03e4995e5!8m2!3d10.775!4d106.69!16s%2Fg%2F1hcbkkl0x?authuser=0&hl=en&entry=ttu&g_ep=EgoyMDI1MDMyNS4xIKXMDSoASAFQAw%3D%3D",Loan Loan,5.0,2024-04-01,"The beautiful showroom displays many products, arranged by segment and region. Reasonable price compared to quality. You can also film Tet gifts. Enthusiastic staff, meticulous product packaging.","
{
    ""danh_sach_tu_tot"": ""beautiful, reasonable price, enthusiastic, meticulous"",
    ""danh_sach_tu_xau"": null
}
"
Minh_Long_-_Showroom_Qu·∫≠n_3,"17 B√† Huy·ªán Thanh Quan, Ph∆∞·ªùng V√µ Th·ªã S√°u, Qu·∫≠n 3, H·ªì Ch√≠ Minh 700000","https://www.google.com/maps/place/Minh+Long+-+Showroom+Qu%E1%BA%ADn+3/@10.775,106.69,17z/data=!4m6!3m5!1s0x31752f3b11eea597:0x2c5b19d03e4995e5!8m2!3d10.775!4d106.69!16s%2Fg%2F1hcbkkl0x?authuser=0&hl=en&entry=ttu&g_ep=EgoyMDI1MDMyNS4xIKXMDSoASAFQAw%3D%3D",Tu·∫•n V≈© Ho√†ng,5.0,2024-04-01,The product is very classy and luxurious. The service and consulting staff were very enthusiastic even though it was my first time coming and buying a low value item. Will come back to support again.,"
{
    ""danh_sach_tu_tot"": ""classy, luxurious, enthusiastic"",
    ""danh_sach_tu_xau"": null
}
"
Minh_Long_-_Showroom_Qu·∫≠n_3,"17 B√† Huy·ªán Thanh Quan, Ph∆∞·ªùng V√µ Th·ªã S√°u, Qu·∫≠n 3, H·ªì Ch√≠ Minh 700000","https://www.google.com/maps/place/Minh+Long+-+Showroom+Qu%E1%BA%ADn+3/@10.775,106.69,17z/data=!4m6!3m5!1s0x31752f3b11eea597:0x2c5b19d03e4995e5!8m2!3d10.775!4d106.69!16s%2Fg%2F1hcbkkl0x?authuser=0&hl=en&entry=ttu&g_ep=EgoyMDI1MDMyNS4xIKXMDSoASAFQAw%3D%3D",Andy Pham,5.0,2024-04-01,"Beautiful shop with many models, reasonable prices Staff and service are very good If you buy a gift, you should stop by because it is packaged carefully and politely  A bit surprised and happy to buy a pot with a 12-month warranty","
{
    ""danh_sach_tu_tot"": ""Beautiful, reasonable prices, very good, carefully, politely, surprised, happy"",
    ""danh_sach_tu_xau"": null
}
"
Minh_Long_-_Showroom_Qu·∫≠n_3,"17 B√† Huy·ªán Thanh Quan, Ph∆∞·ªùng V√µ Th·ªã S√°u, Qu·∫≠n 3, H·ªì Ch√≠ Minh 700000","https://www.google.com/maps/place/Minh+Long+-+Showroom+Qu%E1%BA%ADn+3/@10.775,106.69,17z/data=!4m6!3m5!1s0x31752f3b11eea597:0x2c5b19d03e4995e5!8m2!3d10.775!4d106.69!16s%2Fg%2F1hcbkkl0x?authuser=0&hl=en&entry=ttu&g_ep=EgoyMDI1MDMyNS4xIKXMDSoASAFQAw%3D%3D",Dung Julie,5.0,2024-10-01,"Beautiful products, easy-to-find, luxurious space and display, friendly staff.","
{
    ""danh_sach_tu_tot"": ""Beautiful, easy-to-find, luxurious, friendly"",
    ""danh_sach_tu_xau"": """"
}
"
Minh_Long_-_Showroom_Qu·∫≠n_3,"17 B√† Huy·ªán Thanh Quan, Ph∆∞·ªùng V√µ Th·ªã S√°u, Qu·∫≠n 3, H·ªì Ch√≠ Minh 700000","https://www.google.com/maps/place/Minh+Long+-+Showroom+Qu%E1%BA%ADn+3/@10.775,106.69,17z/data=!4m6!3m5!1s0x31752f3b11eea597:0x2c5b19d03e4995e5!8m2!3d10.775!4d106.69!16s%2Fg%2F1hcbkkl0x?authuser=0&hl=en&entry=ttu&g_ep=EgoyMDI1MDMyNS4xIKXMDSoASAFQAw%3D%3D",V≈© Nguy·ªÖn,5.0,2024-10-01,"Enthusiastic and cheerful staff, diverse product designs, sizes, and reasonable prices.","
{
    ""danh_sach_tu_tot"": ""enthusiastic, cheerful, diverse, reasonable"",
    ""danh_sach_tu_xau"": """"
}
"
Minh_Long_-_Showroom_Qu·∫≠n_3,"17 B√† Huy·ªán Thanh Quan, Ph∆∞·ªùng V√µ Th·ªã S√°u, Qu·∫≠n 3, H·ªì Ch√≠ Minh 700000","https://www.google.com/maps/place/Minh+Long+-+Showroom+Qu%E1%BA%ADn+3/@10.775,106.69,17z/data=!4m6!3m5!1s0x31752f3b11eea597:0x2c5b19d03e4995e5!8m2!3d10.775!4d106.69!16s%2Fg%2F1hcbkkl0x?authuser=0&hl=en&entry=ttu&g_ep=EgoyMDI1MDMyNS4xIKXMDSoASAFQAw%3D%3D",van nin pham,5.0,2024-10-01,"When purchasing goods at the showroom, you will receive support in packaging and sending them abroad, the consultants will be enthusiastic and cheerful, and there will be a km program given to customers who sign up for a new TV...","
{
    ""danh_sach_tu_tot"": ""enthusiastic, cheerful"",
    ""danh_sach_tu_xau"": null
}
"
Minh_Long_-_Showroom_Qu·∫≠n_3,"17 B√† Huy·ªán Thanh Quan, Ph∆∞·ªùng V√µ Th·ªã S√°u, Qu·∫≠n 3, H·ªì Ch√≠ Minh 700000","https://www.google.com/maps/place/Minh+Long+-+Showroom+Qu%E1%BA%ADn+3/@10.775,106.69,17z/data=!4m6!3m5!1s0x31752f3b11eea597:0x2c5b19d03e4995e5!8m2!3d10.775!4d106.69!16s%2Fg%2F1hcbkkl0x?authuser=0&hl=en&entry=ttu&g_ep=EgoyMDI1MDMyNS4xIKXMDSoASAFQAw%3D%3D",Suong Huynh,5.0,2024-04-01,"Prime location, easy to find, selling many quality ceramic products at reasonable prices. Many beautiful flower vase products, reputable addresses to buy gifts. Cute and dedicated sales staff.","
{
    ""danh_sach_tu_tot"": ""Prime location, easy to find, quality, reasonable prices, beautiful, reputable, Cute, dedicated"",
    ""danh_sach_tu_xau"": null
}
"
Minh_Long_-_Showroom_Qu·∫≠n_3,"17 B√† Huy·ªán Thanh Quan, Ph∆∞·ªùng V√µ Th·ªã S√°u, Qu·∫≠n 3, H·ªì Ch√≠ Minh 700000","https://www.google.com/maps/place/Minh+Long+-+Showroom+Qu%E1%BA%ADn+3/@10.775,106.69,17z/data=!4m6!3m5!1s0x31752f3b11eea597:0x2c5b19d03e4995e5!8m2!3d10.775!4d106.69!16s%2Fg%2F1hcbkkl0x?authuser=0&hl=en&entry=ttu&g_ep=EgoyMDI1MDMyNS4xIKXMDSoASAFQAw%3D%3D",Hi·ªÅn Nguy·ªÖn,5.0,2024-08-01,"Luxurious showroom, many designs and beautiful goods. Enthusiastic consulting staff.","
{
    ""danh_sach_tu_tot"": ""Luxurious, beautiful, Enthusiastic"",
    ""danh_sach_tu_xau"": null
}
"
Minh_Long_-_Showroom_Qu·∫≠n_3,"17 B√† Huy·ªán Thanh Quan, Ph∆∞·ªùng V√µ Th·ªã S√°u, Qu·∫≠n 3, H·ªì Ch√≠ Minh 700000","https://www.google.com/maps/place/Minh+Long+-+Showroom+Qu%E1%BA%ADn+3/@10.775,106.69,17z/data=!4m6!3m5!1s0x31752f3b11eea597:0x2c5b19d03e4995e5!8m2!3d10.775!4d106.69!16s%2Fg%2F1hcbkkl0x?authuser=0&hl=en&entry=ttu&g_ep=EgoyMDI1MDMyNS4xIKXMDSoASAFQAw%3D%3D",Th·ª©c Nguy·ªÖn,4.0,2024-10-01,Good price and beautiful tea pot set. But the consultant was not very enthusiastic. Good purchase.,"
{
    ""danh_sach_tu_tot"": ""Good price, beautiful, Good"",
    ""danh_sach_tu_xau"": ""not very enthusiastic""
}
"
Minh_Long_-_Showroom_Qu·∫≠n_3,"17 B√† Huy·ªán Thanh Quan, Ph∆∞·ªùng V√µ Th·ªã S√°u, Qu·∫≠n 3, H·ªì Ch√≠ Minh 700000","https://www.google.com/maps/place/Minh+Long+-+Showroom+Qu%E1%BA%ADn+3/@10.775,106.69,17z/data=!4m6!3m5!1s0x31752f3b11eea597:0x2c5b19d03e4995e5!8m2!3d10.775!4d106.69!16s%2Fg%2F1hcbkkl0x?authuser=0&hl=en&entry=ttu&g_ep=EgoyMDI1MDMyNS4xIKXMDSoASAFQAw%3D%3D",Pham Ngoc Huy,5.0,2024-11-01,"Enthusiastic and polite service, beautiful and elegant products.","
{
    ""danh_sach_tu_tot"": ""enthusiastic, polite, beautiful, elegant"",
    ""danh_sach_tu_xau"": null
}
"
Minh_Long_-_Showroom_Qu·∫≠n_3,"17 B√† Huy·ªán Thanh Quan, Ph∆∞·ªùng V√µ Th·ªã S√°u, Qu·∫≠n 3, H·ªì Ch√≠ Minh 700000","https://www.google.com/maps/place/Minh+Long+-+Showroom+Qu%E1%BA%ADn+3/@10.775,106.69,17z/data=!4m6!3m5!1s0x31752f3b11eea597:0x2c5b19d03e4995e5!8m2!3d10.775!4d106.69!16s%2Fg%2F1hcbkkl0x?authuser=0&hl=en&entry=ttu&g_ep=EgoyMDI1MDMyNS4xIKXMDSoASAFQAw%3D%3D",Tuan Henric,5.0,2025-04-01,"Minh Long ceramic showroom displays and sells products such as tea sets, dishes, jam trays, diverse classic and modern styles, at reasonable prices from affordable to high-end. There are also artistic ceramics such as flower vases, images of girls wearing ao dai, ceramic models of the bride and groom or mascots. Polite staff, enthusiastic advice, careful inspection and packaging.","
{
    ""danh_sach_tu_tot"": ""diverse, reasonable prices, affordable, high-end, artistic, Polite staff, enthusiastic advice, careful inspection, packaging"",
    ""danh_sach_tu_xau"": null
}
"
Minh_Long_-_Showroom_Qu·∫≠n_3,"17 B√† Huy·ªán Thanh Quan, Ph∆∞·ªùng V√µ Th·ªã S√°u, Qu·∫≠n 3, H·ªì Ch√≠ Minh 700000","https://www.google.com/maps/place/Minh+Long+-+Showroom+Qu%E1%BA%ADn+3/@10.775,106.69,17z/data=!4m6!3m5!1s0x31752f3b11eea597:0x2c5b19d03e4995e5!8m2!3d10.775!4d106.69!16s%2Fg%2F1hcbkkl0x?authuser=0&hl=en&entry=ttu&g_ep=EgoyMDI1MDMyNS4xIKXMDSoASAFQAw%3D%3D",thanh huong,5.0,2024-04-01,"Cool and luxurious space. Beautiful products, eye-catching displays, cute and enthusiastic staff will support...","
{
    ""danh_sach_tu_tot"": ""Cool, luxurious, Beautiful, eye-catching, cute, enthusiastic"",
    ""danh_sach_tu_xau"": null
}
"
Minh_Long_-_Showroom_Qu·∫≠n_3,"17 B√† Huy·ªán Thanh Quan, Ph∆∞·ªùng V√µ Th·ªã S√°u, Qu·∫≠n 3, H·ªì Ch√≠ Minh 700000","https://www.google.com/maps/place/Minh+Long+-+Showroom+Qu%E1%BA%ADn+3/@10.775,106.69,17z/data=!4m6!3m5!1s0x31752f3b11eea597:0x2c5b19d03e4995e5!8m2!3d10.775!4d106.69!16s%2Fg%2F1hcbkkl0x?authuser=0&hl=en&entry=ttu&g_ep=EgoyMDI1MDMyNS4xIKXMDSoASAFQAw%3D%3D",V≈© NP,5.0,2024-04-01,"Enthusiastic and cheerful staff, products suitable for the price. Will come back to support again.","
{
    ""danh_sach_tu_tot"": ""Enthusiastic, cheerful, suitable"",
    ""danh_sach_tu_xau"": """"
}
"
Minh_Long_-_Showroom_Qu·∫≠n_3,"17 B√† Huy·ªán Thanh Quan, Ph∆∞·ªùng V√µ Th·ªã S√°u, Qu·∫≠n 3, H·ªì Ch√≠ Minh 700000","https://www.google.com/maps/place/Minh+Long+-+Showroom+Qu%E1%BA%ADn+3/@10.775,106.69,17z/data=!4m6!3m5!1s0x31752f3b11eea597:0x2c5b19d03e4995e5!8m2!3d10.775!4d106.69!16s%2Fg%2F1hcbkkl0x?authuser=0&hl=en&entry=ttu&g_ep=EgoyMDI1MDMyNS4xIKXMDSoASAFQAw%3D%3D",Ph∆∞∆°ng Tr·ªãnh,5.0,2024-08-01,"Professional customer service. Enthusiastic consultants, knowledgeable about products and ready to answer all customer questions","
{
    ""danh_sach_tu_tot"": ""Professional, Enthusiastic, knowledgeable, ready"",
    ""danh_sach_tu_xau"": """"
}
"
Minh_Long_-_Showroom_Qu·∫≠n_3,"17 B√† Huy·ªán Thanh Quan, Ph∆∞·ªùng V√µ Th·ªã S√°u, Qu·∫≠n 3, H·ªì Ch√≠ Minh 700000","https://www.google.com/maps/place/Minh+Long+-+Showroom+Qu%E1%BA%ADn+3/@10.775,106.69,17z/data=!4m6!3m5!1s0x31752f3b11eea597:0x2c5b19d03e4995e5!8m2!3d10.775!4d106.69!16s%2Fg%2F1hcbkkl0x?authuser=0&hl=en&entry=ttu&g_ep=EgoyMDI1MDMyNS4xIKXMDSoASAFQAw%3D%3D",Pierre Relave,1.0,2024-12-01,"Lousy!  I have been a customer of Minh Long for more than five years. So far everything had gone pretty well. I must have spent around 50 million VND with them. I am not a major customer but I am a regular customer. I recently placed an order for my restaurant for around 10 million VND. Then I realized that I was missing some items so I contacted the sales representative. In his response he clarified that I would have to pay the delivery costs because this last order is less than 5 million VND (the cost of delivery between district 3 and district 1 is a maximum of 50,000 VND, i.e. 2 euros). I asked the salesman if he was joking and he told me no. A few days later, I stopped by the store and asked to see the manager to talk about this. When I told her I thought it was pathetic to charge a regular customer like me for shipping, she just looked at me and laughed in my face and said it was company policy. So this is how we treat customers at Minh Long. You saved 50,000 VND and made fun of me. You won't see me anymore.","
{
    ""danh_sach_tu_tot"": ""pretty well, regular customer"",
    ""danh_sach_tu_xau"": ""Lousy!, missing, pathetic, laughed in my face""
}
"
Minh_Long_-_Showroom_Qu·∫≠n_3,"17 B√† Huy·ªán Thanh Quan, Ph∆∞·ªùng V√µ Th·ªã S√°u, Qu·∫≠n 3, H·ªì Ch√≠ Minh 700000","https://www.google.com/maps/place/Minh+Long+-+Showroom+Qu%E1%BA%ADn+3/@10.775,106.69,17z/data=!4m6!3m5!1s0x31752f3b11eea597:0x2c5b19d03e4995e5!8m2!3d10.775!4d106.69!16s%2Fg%2F1hcbkkl0x?authuser=0&hl=en&entry=ttu&g_ep=EgoyMDI1MDMyNS4xIKXMDSoASAFQAw%3D%3D",Huyen Nguyen,5.0,2024-07-01,"Luxurious showroom, with many models to choose from, enthusiastic and cheerful customer support consultants","
{
    ""danh_sach_tu_tot"": ""Luxurious, enthusiastic, cheerful"",
    ""danh_sach_tu_xau"": null
}
"
Minh_Long_-_Showroom_Qu·∫≠n_3,"17 B√† Huy·ªán Thanh Quan, Ph∆∞·ªùng V√µ Th·ªã S√°u, Qu·∫≠n 3, H·ªì Ch√≠ Minh 700000","https://www.google.com/maps/place/Minh+Long+-+Showroom+Qu%E1%BA%ADn+3/@10.775,106.69,17z/data=!4m6!3m5!1s0x31752f3b11eea597:0x2c5b19d03e4995e5!8m2!3d10.775!4d106.69!16s%2Fg%2F1hcbkkl0x?authuser=0&hl=en&entry=ttu&g_ep=EgoyMDI1MDMyNS4xIKXMDSoASAFQAw%3D%3D",cam nguyenthi,5.0,2024-08-01,"Sr. Minh Long District 3 is beautiful, enthusiastic consulting staff, quality products, suitable for the price","
{
    ""danh_sach_tu_tot"": ""beautiful, enthusiastic, quality, suitable"",
    ""danh_sach_tu_xau"": null
}
"
Minh_Long_-_Showroom_Qu·∫≠n_3,"17 B√† Huy·ªán Thanh Quan, Ph∆∞·ªùng V√µ Th·ªã S√°u, Qu·∫≠n 3, H·ªì Ch√≠ Minh 700000","https://www.google.com/maps/place/Minh+Long+-+Showroom+Qu%E1%BA%ADn+3/@10.775,106.69,17z/data=!4m6!3m5!1s0x31752f3b11eea597:0x2c5b19d03e4995e5!8m2!3d10.775!4d106.69!16s%2Fg%2F1hcbkkl0x?authuser=0&hl=en&entry=ttu&g_ep=EgoyMDI1MDMyNS4xIKXMDSoASAFQAw%3D%3D",Tam Tram,5.0,2024-07-01,"Good product, satisfied with service, I will visit again if possible","
{
    ""danh_sach_tu_tot"": ""Good, satisfied"",
    ""danh_sach_tu_xau"": null
}
"
Minh_Long_-_Showroom_Qu·∫≠n_3,"17 B√† Huy·ªán Thanh Quan, Ph∆∞·ªùng V√µ Th·ªã S√°u, Qu·∫≠n 3, H·ªì Ch√≠ Minh 700000","https://www.google.com/maps/place/Minh+Long+-+Showroom+Qu%E1%BA%ADn+3/@10.775,106.69,17z/data=!4m6!3m5!1s0x31752f3b11eea597:0x2c5b19d03e4995e5!8m2!3d10.775!4d106.69!16s%2Fg%2F1hcbkkl0x?authuser=0&hl=en&entry=ttu&g_ep=EgoyMDI1MDMyNS4xIKXMDSoASAFQAw%3D%3D",Myoanh Vong,5.0,2024-04-01,"Quality and safe health care pot products, staff are very enthusiastic in advising on the products.","
{
    ""danh_sach_tu_tot"": ""Quality, safe, enthusiastic"",
    ""danh_sach_tu_xau"": null
}
"
Minh_Long_-_Showroom_Qu·∫≠n_3,"17 B√† Huy·ªán Thanh Quan, Ph∆∞·ªùng V√µ Th·ªã S√°u, Qu·∫≠n 3, H·ªì Ch√≠ Minh 700000","https://www.google.com/maps/place/Minh+Long+-+Showroom+Qu%E1%BA%ADn+3/@10.775,106.69,17z/data=!4m6!3m5!1s0x31752f3b11eea597:0x2c5b19d03e4995e5!8m2!3d10.775!4d106.69!16s%2Fg%2F1hcbkkl0x?authuser=0&hl=en&entry=ttu&g_ep=EgoyMDI1MDMyNS4xIKXMDSoASAFQAw%3D%3D",Tennis8220 DK,5.0,2024-09-01,"Vietnamese porcelain in good quality. The goods are priced according to quality and handmade, I think they are reasonable prices. We have bought many nice things from the store. The staff also helped to pack things properly. There is even a gift for invoices over 2 million VND. Can be recommended.","
{
    ""danh_sach_tu_tot"": ""good quality, reasonable prices, nice things, helped to pack things properly, gift, recommended"",
    ""danh_sach_tu_xau"": null
}
"
Minh_Long_-_Showroom_Qu·∫≠n_3,"17 B√† Huy·ªán Thanh Quan, Ph∆∞·ªùng V√µ Th·ªã S√°u, Qu·∫≠n 3, H·ªì Ch√≠ Minh 700000","https://www.google.com/maps/place/Minh+Long+-+Showroom+Qu%E1%BA%ADn+3/@10.775,106.69,17z/data=!4m6!3m5!1s0x31752f3b11eea597:0x2c5b19d03e4995e5!8m2!3d10.775!4d106.69!16s%2Fg%2F1hcbkkl0x?authuser=0&hl=en&entry=ttu&g_ep=EgoyMDI1MDMyNS4xIKXMDSoASAFQAw%3D%3D",Tran Dac,5.0,2024-10-01,"Tien and Dung are very supportive!!! Unfortunately, the company no longer applies the policy to horeca customers in the showroom, causing many difficulties and troubles üò•üò•üò• ‚Ä¶","
{
    ""danh_sach_tu_tot"": ""supportive"",
    ""danh_sach_tu_xau"": ""difficulties, troubles""
}
"
Minh_Long_-_Showroom_Qu·∫≠n_3,"17 B√† Huy·ªán Thanh Quan, Ph∆∞·ªùng V√µ Th·ªã S√°u, Qu·∫≠n 3, H·ªì Ch√≠ Minh 700000","https://www.google.com/maps/place/Minh+Long+-+Showroom+Qu%E1%BA%ADn+3/@10.775,106.69,17z/data=!4m6!3m5!1s0x31752f3b11eea597:0x2c5b19d03e4995e5!8m2!3d10.775!4d106.69!16s%2Fg%2F1hcbkkl0x?authuser=0&hl=en&entry=ttu&g_ep=EgoyMDI1MDMyNS4xIKXMDSoASAFQAw%3D%3D",ƒê·∫∑ng Len,5.0,2025-04-01,High quality and healthy ceramic products. Professional and friendly staff.,"
{
    ""danh_sach_tu_tot"": ""High quality, healthy, Professional, friendly"",
    ""danh_sach_tu_xau"": """"
}
"
Minh_Long_-_Showroom_Qu·∫≠n_3,"17 B√† Huy·ªán Thanh Quan, Ph∆∞·ªùng V√µ Th·ªã S√°u, Qu·∫≠n 3, H·ªì Ch√≠ Minh 700000","https://www.google.com/maps/place/Minh+Long+-+Showroom+Qu%E1%BA%ADn+3/@10.775,106.69,17z/data=!4m6!3m5!1s0x31752f3b11eea597:0x2c5b19d03e4995e5!8m2!3d10.775!4d106.69!16s%2Fg%2F1hcbkkl0x?authuser=0&hl=en&entry=ttu&g_ep=EgoyMDI1MDMyNS4xIKXMDSoASAFQAw%3D%3D",Tam Le,5.0,2024-04-01,"Luxurious showroom, enthusiastic consultants, diverse designs","
{
    ""danh_sach_tu_tot"": ""Luxurious, enthusiastic, diverse"",
    ""danh_sach_tu_xau"": """"
}
"
Minh_Long_-_Showroom_Qu·∫≠n_3,"17 B√† Huy·ªán Thanh Quan, Ph∆∞·ªùng V√µ Th·ªã S√°u, Qu·∫≠n 3, H·ªì Ch√≠ Minh 700000","https://www.google.com/maps/place/Minh+Long+-+Showroom+Qu%E1%BA%ADn+3/@10.775,106.69,17z/data=!4m6!3m5!1s0x31752f3b11eea597:0x2c5b19d03e4995e5!8m2!3d10.775!4d106.69!16s%2Fg%2F1hcbkkl0x?authuser=0&hl=en&entry=ttu&g_ep=EgoyMDI1MDMyNS4xIKXMDSoASAFQAw%3D%3D",Thy Nguy·ªÖn h·∫°,5.0,2024-07-01,"So beautiful, I always love it. The staff is enthusiastic and gives advice","
{
    ""danh_sach_tu_tot"": ""beautiful, love, enthusiastic"",
    ""danh_sach_tu_xau"": """"
}
"
Minh_Long_-_Showroom_Qu·∫≠n_3,"17 B√† Huy·ªán Thanh Quan, Ph∆∞·ªùng V√µ Th·ªã S√°u, Qu·∫≠n 3, H·ªì Ch√≠ Minh 700000","https://www.google.com/maps/place/Minh+Long+-+Showroom+Qu%E1%BA%ADn+3/@10.775,106.69,17z/data=!4m6!3m5!1s0x31752f3b11eea597:0x2c5b19d03e4995e5!8m2!3d10.775!4d106.69!16s%2Fg%2F1hcbkkl0x?authuser=0&hl=en&entry=ttu&g_ep=EgoyMDI1MDMyNS4xIKXMDSoASAFQAw%3D%3D",Jjhgg Bb,5.0,2024-09-01,"Beautiful, luxurious and classy, enthusiastic staff!","
{
    ""danh_sach_tu_tot"": ""Beautiful, luxurious, classy, enthusiastic"",
    ""danh_sach_tu_xau"": """"
}
"
Minh_Long_-_Showroom_Qu·∫≠n_3,"17 B√† Huy·ªán Thanh Quan, Ph∆∞·ªùng V√µ Th·ªã S√°u, Qu·∫≠n 3, H·ªì Ch√≠ Minh 700000","https://www.google.com/maps/place/Minh+Long+-+Showroom+Qu%E1%BA%ADn+3/@10.775,106.69,17z/data=!4m6!3m5!1s0x31752f3b11eea597:0x2c5b19d03e4995e5!8m2!3d10.775!4d106.69!16s%2Fg%2F1hcbkkl0x?authuser=0&hl=en&entry=ttu&g_ep=EgoyMDI1MDMyNS4xIKXMDSoASAFQAw%3D%3D",Phuc Diep,5.0,2025-01-01,"High quality products, very beautiful and diverse designs","
{
    ""danh_sach_tu_tot"": ""High quality, beautiful, diverse"",
    ""danh_sach_tu_xau"": null
}
"
Minh_Long_-_Showroom_Qu·∫≠n_3,"17 B√† Huy·ªán Thanh Quan, Ph∆∞·ªùng V√µ Th·ªã S√°u, Qu·∫≠n 3, H·ªì Ch√≠ Minh 700000","https://www.google.com/maps/place/Minh+Long+-+Showroom+Qu%E1%BA%ADn+3/@10.775,106.69,17z/data=!4m6!3m5!1s0x31752f3b11eea597:0x2c5b19d03e4995e5!8m2!3d10.775!4d106.69!16s%2Fg%2F1hcbkkl0x?authuser=0&hl=en&entry=ttu&g_ep=EgoyMDI1MDMyNS4xIKXMDSoASAFQAw%3D%3D",Hi·ªÅn Ph·∫°m,5.0,2024-07-01,"Minh Long's quality is undeniable because of its prestige, beauty and luxury. The staff's attitude is very enthusiastic and cute, from sales consulting, cashiering, packaging, and even security guards. Will still be a customer member of Minh Long Company.","
{
    ""danh_sach_tu_tot"": ""undeniable, prestige, beauty, luxury, enthusiastic, cute"",
    ""danh_sach_tu_xau"": null
}
"
Minh_Long_-_Showroom_Qu·∫≠n_3,"17 B√† Huy·ªán Thanh Quan, Ph∆∞·ªùng V√µ Th·ªã S√°u, Qu·∫≠n 3, H·ªì Ch√≠ Minh 700000","https://www.google.com/maps/place/Minh+Long+-+Showroom+Qu%E1%BA%ADn+3/@10.775,106.69,17z/data=!4m6!3m5!1s0x31752f3b11eea597:0x2c5b19d03e4995e5!8m2!3d10.775!4d106.69!16s%2Fg%2F1hcbkkl0x?authuser=0&hl=en&entry=ttu&g_ep=EgoyMDI1MDMyNS4xIKXMDSoASAFQAw%3D%3D",mi √Åo s∆°,5.0,2024-04-01,"Good quality, beautiful products, enthusiastic and dedicated consultants, quick, easy to sample, exactly the right products, my boss complimented me.","
{
    ""danh_sach_tu_tot"": ""Good quality, beautiful products, enthusiastic and dedicated, quick, easy, exactly the right products, complimented"",
    ""danh_sach_tu_xau"": """"
}
"
Minh_Long_-_Showroom_Qu·∫≠n_3,"17 B√† Huy·ªán Thanh Quan, Ph∆∞·ªùng V√µ Th·ªã S√°u, Qu·∫≠n 3, H·ªì Ch√≠ Minh 700000","https://www.google.com/maps/place/Minh+Long+-+Showroom+Qu%E1%BA%ADn+3/@10.775,106.69,17z/data=!4m6!3m5!1s0x31752f3b11eea597:0x2c5b19d03e4995e5!8m2!3d10.775!4d106.69!16s%2Fg%2F1hcbkkl0x?authuser=0&hl=en&entry=ttu&g_ep=EgoyMDI1MDMyNS4xIKXMDSoASAFQAw%3D%3D",TDL Nguyen,5.0,2025-04-01,"Minh Long here has a variety of products, feels more beautiful and crowded than in Binh Duong.","
{
    ""danh_sach_tu_tot"": ""variety, beautiful"",
    ""danh_sach_tu_xau"": ""crowded""
}
"
Minh_Long_-_Showroom_Qu·∫≠n_3,"17 B√† Huy·ªán Thanh Quan, Ph∆∞·ªùng V√µ Th·ªã S√°u, Qu·∫≠n 3, H·ªì Ch√≠ Minh 700000","https://www.google.com/maps/place/Minh+Long+-+Showroom+Qu%E1%BA%ADn+3/@10.775,106.69,17z/data=!4m6!3m5!1s0x31752f3b11eea597:0x2c5b19d03e4995e5!8m2!3d10.775!4d106.69!16s%2Fg%2F1hcbkkl0x?authuser=0&hl=en&entry=ttu&g_ep=EgoyMDI1MDMyNS4xIKXMDSoASAFQAw%3D%3D",4142-Ka Luy,3.0,2025-01-01,"Product OK, staff not very enthusiastic","
{
    ""danh_sach_tu_tot"": ""OK"",
    ""danh_sach_tu_xau"": ""not very enthusiastic""
}
"
Minh_Long_-_Showroom_Qu·∫≠n_3,"17 B√† Huy·ªán Thanh Quan, Ph∆∞·ªùng V√µ Th·ªã S√°u, Qu·∫≠n 3, H·ªì Ch√≠ Minh 700000","https://www.google.com/maps/place/Minh+Long+-+Showroom+Qu%E1%BA%ADn+3/@10.775,106.69,17z/data=!4m6!3m5!1s0x31752f3b11eea597:0x2c5b19d03e4995e5!8m2!3d10.775!4d106.69!16s%2Fg%2F1hcbkkl0x?authuser=0&hl=en&entry=ttu&g_ep=EgoyMDI1MDMyNS4xIKXMDSoASAFQAw%3D%3D",trungthanh vo,5.0,2024-09-01,"The store has beautiful displays, diverse designs, attractive promotions... I really like Minh Long products","
{
    ""danh_sach_tu_tot"": ""beautiful, diverse, attractive, like"",
    ""danh_sach_tu_xau"": """"
}
"
Minh_Long_-_Showroom_Qu·∫≠n_3,"17 B√† Huy·ªán Thanh Quan, Ph∆∞·ªùng V√µ Th·ªã S√°u, Qu·∫≠n 3, H·ªì Ch√≠ Minh 700000","https://www.google.com/maps/place/Minh+Long+-+Showroom+Qu%E1%BA%ADn+3/@10.775,106.69,17z/data=!4m6!3m5!1s0x31752f3b11eea597:0x2c5b19d03e4995e5!8m2!3d10.775!4d106.69!16s%2Fg%2F1hcbkkl0x?authuser=0&hl=en&entry=ttu&g_ep=EgoyMDI1MDMyNS4xIKXMDSoASAFQAw%3D%3D",ƒê·ªçc Truy·ªán Ng√¥n T√¨nh,5.0,2024-07-01,"satisfied. If possible, I will come back to buy again","
{
    ""danh_sach_tu_tot"": ""satisfied"",
    ""danh_sach_tu_xau"": """"
}
"
Minh_Long_-_Showroom_Qu·∫≠n_3,"17 B√† Huy·ªán Thanh Quan, Ph∆∞·ªùng V√µ Th·ªã S√°u, Qu·∫≠n 3, H·ªì Ch√≠ Minh 700000","https://www.google.com/maps/place/Minh+Long+-+Showroom+Qu%E1%BA%ADn+3/@10.775,106.69,17z/data=!4m6!3m5!1s0x31752f3b11eea597:0x2c5b19d03e4995e5!8m2!3d10.775!4d106.69!16s%2Fg%2F1hcbkkl0x?authuser=0&hl=en&entry=ttu&g_ep=EgoyMDI1MDMyNS4xIKXMDSoASAFQAw%3D%3D",Nhat Le,5.0,2024-06-01,"Although the value of the order was not high, the staff still gave advice warmly and considerately. The man packaged the goods very professionally and safely. Very thoughtful and offered me a seat and a drink. Will recommend the store and brand to friends.","
{
    ""danh_sach_tu_tot"": ""warmly, considerately, professionally, safely, thoughtful, recommend"",
    ""danh_sach_tu_xau"": null
}
"
Minh_Long_-_Showroom_Qu·∫≠n_3,"17 B√† Huy·ªán Thanh Quan, Ph∆∞·ªùng V√µ Th·ªã S√°u, Qu·∫≠n 3, H·ªì Ch√≠ Minh 700000","https://www.google.com/maps/place/Minh+Long+-+Showroom+Qu%E1%BA%ADn+3/@10.775,106.69,17z/data=!4m6!3m5!1s0x31752f3b11eea597:0x2c5b19d03e4995e5!8m2!3d10.775!4d106.69!16s%2Fg%2F1hcbkkl0x?authuser=0&hl=en&entry=ttu&g_ep=EgoyMDI1MDMyNS4xIKXMDSoASAFQAw%3D%3D",Nhungoc Trinh,5.0,2024-07-01,"City Center, convenient. Products in many price segments, suitable as housewarming gifts, new homes, gifts for partners,... beautiful packaging, comfortable shopping space, cheerful and enthusiastic staff...","
{
    ""danh_sach_tu_tot"": ""City Center, convenient, suitable, beautiful, comfortable, cheerful, enthusiastic"",
    ""danh_sach_tu_xau"": """"
}
"
Minh_Long_-_Showroom_Qu·∫≠n_3,"17 B√† Huy·ªán Thanh Quan, Ph∆∞·ªùng V√µ Th·ªã S√°u, Qu·∫≠n 3, H·ªì Ch√≠ Minh 700000","https://www.google.com/maps/place/Minh+Long+-+Showroom+Qu%E1%BA%ADn+3/@10.775,106.69,17z/data=!4m6!3m5!1s0x31752f3b11eea597:0x2c5b19d03e4995e5!8m2!3d10.775!4d106.69!16s%2Fg%2F1hcbkkl0x?authuser=0&hl=en&entry=ttu&g_ep=EgoyMDI1MDMyNS4xIKXMDSoASAFQAw%3D%3D",tien nguyen,5.0,2024-07-01,"Quality products, attentive service, will buy again","
{
    ""danh_sach_tu_tot"": ""Quality products, attentive service"",
    ""danh_sach_tu_xau"": """"
}
"
Minh_Long_-_Showroom_Qu·∫≠n_3,"17 B√† Huy·ªán Thanh Quan, Ph∆∞·ªùng V√µ Th·ªã S√°u, Qu·∫≠n 3, H·ªì Ch√≠ Minh 700000","https://www.google.com/maps/place/Minh+Long+-+Showroom+Qu%E1%BA%ADn+3/@10.775,106.69,17z/data=!4m6!3m5!1s0x31752f3b11eea597:0x2c5b19d03e4995e5!8m2!3d10.775!4d106.69!16s%2Fg%2F1hcbkkl0x?authuser=0&hl=en&entry=ttu&g_ep=EgoyMDI1MDMyNS4xIKXMDSoASAFQAw%3D%3D",TB Nguyen,5.0,2024-07-01,"There is a parking space, you get a security ticket and stamp the ticket to get free parking. The building is rented out as offices for many different companies.","
{
    ""danh_sach_tu_tot"": ""free"",
    ""danh_sach_tu_xau"": """"
}
"
Minh_Long_-_Showroom_Qu·∫≠n_3,"17 B√† Huy·ªán Thanh Quan, Ph∆∞·ªùng V√µ Th·ªã S√°u, Qu·∫≠n 3, H·ªì Ch√≠ Minh 700000","https://www.google.com/maps/place/Minh+Long+-+Showroom+Qu%E1%BA%ADn+3/@10.775,106.69,17z/data=!4m6!3m5!1s0x31752f3b11eea597:0x2c5b19d03e4995e5!8m2!3d10.775!4d106.69!16s%2Fg%2F1hcbkkl0x?authuser=0&hl=en&entry=ttu&g_ep=EgoyMDI1MDMyNS4xIKXMDSoASAFQAw%3D%3D",Hoang Nguyen Minh,3.0,2025-04-01,This showroom is quite close to the City Center; sells quite beautiful porcelain but the price is quite high!,"
{
    ""danh_sach_tu_tot"": ""beautiful"",
    ""danh_sach_tu_xau"": ""high""
}
"
Minh_Long_-_Showroom_Qu·∫≠n_3,"17 B√† Huy·ªán Thanh Quan, Ph∆∞·ªùng V√µ Th·ªã S√°u, Qu·∫≠n 3, H·ªì Ch√≠ Minh 700000","https://www.google.com/maps/place/Minh+Long+-+Showroom+Qu%E1%BA%ADn+3/@10.775,106.69,17z/data=!4m6!3m5!1s0x31752f3b11eea597:0x2c5b19d03e4995e5!8m2!3d10.775!4d106.69!16s%2Fg%2F1hcbkkl0x?authuser=0&hl=en&entry=ttu&g_ep=EgoyMDI1MDMyNS4xIKXMDSoASAFQAw%3D%3D",Ph∆∞∆°ng Tuy·∫øt,5.0,2024-04-01,"Many beautiful display models, from popular to high-end, clean - luxurious, spacious frontage of Ba Huyen Thanh Quan street, with parking space.","
{
    ""danh_sach_tu_tot"": ""beautiful, clean, luxurious, spacious"",
    ""danh_sach_tu_xau"": null
}
"
Minh_Long_-_Showroom_Qu·∫≠n_3,"17 B√† Huy·ªán Thanh Quan, Ph∆∞·ªùng V√µ Th·ªã S√°u, Qu·∫≠n 3, H·ªì Ch√≠ Minh 700000","https://www.google.com/maps/place/Minh+Long+-+Showroom+Qu%E1%BA%ADn+3/@10.775,106.69,17z/data=!4m6!3m5!1s0x31752f3b11eea597:0x2c5b19d03e4995e5!8m2!3d10.775!4d106.69!16s%2Fg%2F1hcbkkl0x?authuser=0&hl=en&entry=ttu&g_ep=EgoyMDI1MDMyNS4xIKXMDSoASAFQAw%3D%3D",Ki·∫øn B·∫Øp,5.0,2024-04-01,Beautiful and diverse products.,"
{
    ""danh_sach_tu_tot"": ""Beautiful, diverse"",
    ""danh_sach_tu_xau"": """"
}
"
Minh_Long_-_Showroom_Qu·∫≠n_3,"17 B√† Huy·ªán Thanh Quan, Ph∆∞·ªùng V√µ Th·ªã S√°u, Qu·∫≠n 3, H·ªì Ch√≠ Minh 700000","https://www.google.com/maps/place/Minh+Long+-+Showroom+Qu%E1%BA%ADn+3/@10.775,106.69,17z/data=!4m6!3m5!1s0x31752f3b11eea597:0x2c5b19d03e4995e5!8m2!3d10.775!4d106.69!16s%2Fg%2F1hcbkkl0x?authuser=0&hl=en&entry=ttu&g_ep=EgoyMDI1MDMyNS4xIKXMDSoASAFQAw%3D%3D",H·ªØu Nh√¢n Nguy·ªÖn,1.0,2024-04-01,"The customer called to ask about the product and it said it was out of stock and I asked to check with another store to see if they had it so I could go buy it, but it said ""Please call me back in 5 minutes"". Ok, I tried to call back automatically after 5 minutes, but I called 5 times and no one picked up @@ Around 6:45 p.m. today, November 30, 2023.","
{
    ""danh_sach_tu_tot"": null,
    ""danh_sach_tu_xau"": ""out of stock, no one picked up""
}
"
Minh_Long_-_Showroom_Qu·∫≠n_3,"17 B√† Huy·ªán Thanh Quan, Ph∆∞·ªùng V√µ Th·ªã S√°u, Qu·∫≠n 3, H·ªì Ch√≠ Minh 700000","https://www.google.com/maps/place/Minh+Long+-+Showroom+Qu%E1%BA%ADn+3/@10.775,106.69,17z/data=!4m6!3m5!1s0x31752f3b11eea597:0x2c5b19d03e4995e5!8m2!3d10.775!4d106.69!16s%2Fg%2F1hcbkkl0x?authuser=0&hl=en&entry=ttu&g_ep=EgoyMDI1MDMyNS4xIKXMDSoASAFQAw%3D%3D",HAI THAN,5.0,2025-04-01,"Luxurious and beautiful product Enthusiastic staff, professional advice","
{
    ""danh_sach_tu_tot"": ""Luxurious, beautiful, Enthusiastic, professional"",
    ""danh_sach_tu_xau"": null
}
"
Minh_Long_-_Showroom_Qu·∫≠n_3,"17 B√† Huy·ªán Thanh Quan, Ph∆∞·ªùng V√µ Th·ªã S√°u, Qu·∫≠n 3, H·ªì Ch√≠ Minh 700000","https://www.google.com/maps/place/Minh+Long+-+Showroom+Qu%E1%BA%ADn+3/@10.775,106.69,17z/data=!4m6!3m5!1s0x31752f3b11eea597:0x2c5b19d03e4995e5!8m2!3d10.775!4d106.69!16s%2Fg%2F1hcbkkl0x?authuser=0&hl=en&entry=ttu&g_ep=EgoyMDI1MDMyNS4xIKXMDSoASAFQAw%3D%3D",Bich Nguyen,5.0,2024-09-01,"Luxurious, quality products, very enthusiastic and attentive staff.","
{
    ""danh_sach_tu_tot"": ""Luxurious, quality products, very enthusiastic, attentive staff"",
    ""danh_sach_tu_xau"": """"
}
"
Minh_Long_-_Showroom_Qu·∫≠n_3,"17 B√† Huy·ªán Thanh Quan, Ph∆∞·ªùng V√µ Th·ªã S√°u, Qu·∫≠n 3, H·ªì Ch√≠ Minh 700000","https://www.google.com/maps/place/Minh+Long+-+Showroom+Qu%E1%BA%ADn+3/@10.775,106.69,17z/data=!4m6!3m5!1s0x31752f3b11eea597:0x2c5b19d03e4995e5!8m2!3d10.775!4d106.69!16s%2Fg%2F1hcbkkl0x?authuser=0&hl=en&entry=ttu&g_ep=EgoyMDI1MDMyNS4xIKXMDSoASAFQAw%3D%3D",Company Quang Trung,5.0,2024-10-01,"The staff is very enthusiastic, cute and professional","
{
    ""danh_sach_tu_tot"": ""enthusiastic, cute, professional"",
    ""danh_sach_tu_xau"": null
}
"
Minh_Long_-_Showroom_Qu·∫≠n_3,"17 B√† Huy·ªán Thanh Quan, Ph∆∞·ªùng V√µ Th·ªã S√°u, Qu·∫≠n 3, H·ªì Ch√≠ Minh 700000","https://www.google.com/maps/place/Minh+Long+-+Showroom+Qu%E1%BA%ADn+3/@10.775,106.69,17z/data=!4m6!3m5!1s0x31752f3b11eea597:0x2c5b19d03e4995e5!8m2!3d10.775!4d106.69!16s%2Fg%2F1hcbkkl0x?authuser=0&hl=en&entry=ttu&g_ep=EgoyMDI1MDMyNS4xIKXMDSoASAFQAw%3D%3D",Ïú†ÏßÄÏÑ±,4.0,2025-04-01,A place where I learned that the standard of Vietnamese dishes is quite high.,"{
    ""danh_sach_tu_tot"": ""high"",
    ""danh_sach_tu_xau"": """"
}"
Minh_Long_-_Showroom_Qu·∫≠n_3,"17 B√† Huy·ªán Thanh Quan, Ph∆∞·ªùng V√µ Th·ªã S√°u, Qu·∫≠n 3, H·ªì Ch√≠ Minh 700000","https://www.google.com/maps/place/Minh+Long+-+Showroom+Qu%E1%BA%ADn+3/@10.775,106.69,17z/data=!4m6!3m5!1s0x31752f3b11eea597:0x2c5b19d03e4995e5!8m2!3d10.775!4d106.69!16s%2Fg%2F1hcbkkl0x?authuser=0&hl=en&entry=ttu&g_ep=EgoyMDI1MDMyNS4xIKXMDSoASAFQAw%3D%3D",Thi Nguy·ªÖn V≈© Mai,1.0,2024-09-01,"Brother m !! Look down on customers, talk to them ü§∑üèª‚Äç‚ôÄÔ∏è ‚Ä¶","
{
    ""danh_sach_tu_tot"": null,
    ""danh_sach_tu_xau"": ""look down on customers, talk to them""
}
"
Minh_Long_-_Showroom_Qu·∫≠n_3,"17 B√† Huy·ªán Thanh Quan, Ph∆∞·ªùng V√µ Th·ªã S√°u, Qu·∫≠n 3, H·ªì Ch√≠ Minh 700000","https://www.google.com/maps/place/Minh+Long+-+Showroom+Qu%E1%BA%ADn+3/@10.775,106.69,17z/data=!4m6!3m5!1s0x31752f3b11eea597:0x2c5b19d03e4995e5!8m2!3d10.775!4d106.69!16s%2Fg%2F1hcbkkl0x?authuser=0&hl=en&entry=ttu&g_ep=EgoyMDI1MDMyNS4xIKXMDSoASAFQAw%3D%3D",Quan Do,2.0,2025-04-01,The pattern is beautiful but it breaks easily. I bought a large bowl to use for a few days but poured boiling soup into the bowl and it cracked. Ox dropped the beef bone onto the plate and broke it in half. It's really disappointing that the quality doesn't match the price,"
{
    ""danh_sach_tu_tot"": ""beautiful"",
    ""danh_sach_tu_xau"": ""breaks easily, cracked, broke, disappointing""
}
"
Minh_Long_-_Showroom_Qu·∫≠n_3,"17 B√† Huy·ªán Thanh Quan, Ph∆∞·ªùng V√µ Th·ªã S√°u, Qu·∫≠n 3, H·ªì Ch√≠ Minh 700000","https://www.google.com/maps/place/Minh+Long+-+Showroom+Qu%E1%BA%ADn+3/@10.775,106.69,17z/data=!4m6!3m5!1s0x31752f3b11eea597:0x2c5b19d03e4995e5!8m2!3d10.775!4d106.69!16s%2Fg%2F1hcbkkl0x?authuser=0&hl=en&entry=ttu&g_ep=EgoyMDI1MDMyNS4xIKXMDSoASAFQAw%3D%3D",su van,5.0,2024-07-01,High quality products are different. Many designs at reasonable prices,"
{
    ""danh_sach_tu_tot"": ""high quality, reasonable prices"",
    ""danh_sach_tu_xau"": null
}
"
Minh_Long_-_Showroom_Qu·∫≠n_3,"17 B√† Huy·ªán Thanh Quan, Ph∆∞·ªùng V√µ Th·ªã S√°u, Qu·∫≠n 3, H·ªì Ch√≠ Minh 700000","https://www.google.com/maps/place/Minh+Long+-+Showroom+Qu%E1%BA%ADn+3/@10.775,106.69,17z/data=!4m6!3m5!1s0x31752f3b11eea597:0x2c5b19d03e4995e5!8m2!3d10.775!4d106.69!16s%2Fg%2F1hcbkkl0x?authuser=0&hl=en&entry=ttu&g_ep=EgoyMDI1MDMyNS4xIKXMDSoASAFQAw%3D%3D",Hoang Van Hai,5.0,2024-07-01,"The service staff is very cheerful and enthusiastic, beautiful products, very satisfied...!","
{
    ""danh_sach_tu_tot"": ""cheerful, enthusiastic, beautiful, satisfied"",
    ""danh_sach_tu_xau"": """"
}
"
Minh_Long_-_Showroom_Qu·∫≠n_3,"17 B√† Huy·ªán Thanh Quan, Ph∆∞·ªùng V√µ Th·ªã S√°u, Qu·∫≠n 3, H·ªì Ch√≠ Minh 700000","https://www.google.com/maps/place/Minh+Long+-+Showroom+Qu%E1%BA%ADn+3/@10.775,106.69,17z/data=!4m6!3m5!1s0x31752f3b11eea597:0x2c5b19d03e4995e5!8m2!3d10.775!4d106.69!16s%2Fg%2F1hcbkkl0x?authuser=0&hl=en&entry=ttu&g_ep=EgoyMDI1MDMyNS4xIKXMDSoASAFQAw%3D%3D",Ph·∫°m vƒÉn Gi√°p,1.0,2025-04-01,"The largest ceramic company in the South. Ordered from December 30, 2022 to January 7, 2023, misleading customer response. Finally not sent yet. I also sell several hundred orders every day. However, Minh Long staff said that the shipping orders were overloaded.  Satisfied... the order was delivered and the mid-range price was 2 sets of 5 million but the service staff was too poor","
{
    ""danh_sach_tu_tot"": ""Satisfied"",
    ""danh_sach_tu_xau"": ""misleading, poor""
}
"
Minh_Long_-_Showroom_Qu·∫≠n_3,"17 B√† Huy·ªán Thanh Quan, Ph∆∞·ªùng V√µ Th·ªã S√°u, Qu·∫≠n 3, H·ªì Ch√≠ Minh 700000","https://www.google.com/maps/place/Minh+Long+-+Showroom+Qu%E1%BA%ADn+3/@10.775,106.69,17z/data=!4m6!3m5!1s0x31752f3b11eea597:0x2c5b19d03e4995e5!8m2!3d10.775!4d106.69!16s%2Fg%2F1hcbkkl0x?authuser=0&hl=en&entry=ttu&g_ep=EgoyMDI1MDMyNS4xIKXMDSoASAFQAw%3D%3D",ƒê·ªó Minh Ti·∫øn,5.0,2024-07-01,The sales staff here are polite and give enthusiastic advice,"
{
    ""danh_sach_tu_tot"": ""polite, enthusiastic"",
    ""danh_sach_tu_xau"": null
}
"
Minh_Long_-_Showroom_Qu·∫≠n_3,"17 B√† Huy·ªán Thanh Quan, Ph∆∞·ªùng V√µ Th·ªã S√°u, Qu·∫≠n 3, H·ªì Ch√≠ Minh 700000","https://www.google.com/maps/place/Minh+Long+-+Showroom+Qu%E1%BA%ADn+3/@10.775,106.69,17z/data=!4m6!3m5!1s0x31752f3b11eea597:0x2c5b19d03e4995e5!8m2!3d10.775!4d106.69!16s%2Fg%2F1hcbkkl0x?authuser=0&hl=en&entry=ttu&g_ep=EgoyMDI1MDMyNS4xIKXMDSoASAFQAw%3D%3D",Phong Nguyen,5.0,2024-04-01,"Luxurious showroom, enthusiastic staff, correct listed price, car parking. Very satisfied.","
{
    ""danh_sach_tu_tot"": ""Luxurious, enthusiastic, satisfied"",
    ""danh_sach_tu_xau"": """"
}
"
Minh_Long_-_Showroom_Qu·∫≠n_3,"17 B√† Huy·ªán Thanh Quan, Ph∆∞·ªùng V√µ Th·ªã S√°u, Qu·∫≠n 3, H·ªì Ch√≠ Minh 700000","https://www.google.com/maps/place/Minh+Long+-+Showroom+Qu%E1%BA%ADn+3/@10.775,106.69,17z/data=!4m6!3m5!1s0x31752f3b11eea597:0x2c5b19d03e4995e5!8m2!3d10.775!4d106.69!16s%2Fg%2F1hcbkkl0x?authuser=0&hl=en&entry=ttu&g_ep=EgoyMDI1MDMyNS4xIKXMDSoASAFQAw%3D%3D",ph∆∞∆°ng Ph∆∞∆°ng,5.0,2024-04-01,"Good product quality, suitable as a gift, enthusiastic staff","
{
    ""danh_sach_tu_tot"": ""Good, suitable, enthusiastic"",
    ""danh_sach_tu_xau"": """"
}
"
Minh_Long_-_Showroom_Qu·∫≠n_3,"17 B√† Huy·ªán Thanh Quan, Ph∆∞·ªùng V√µ Th·ªã S√°u, Qu·∫≠n 3, H·ªì Ch√≠ Minh 700000","https://www.google.com/maps/place/Minh+Long+-+Showroom+Qu%E1%BA%ADn+3/@10.775,106.69,17z/data=!4m6!3m5!1s0x31752f3b11eea597:0x2c5b19d03e4995e5!8m2!3d10.775!4d106.69!16s%2Fg%2F1hcbkkl0x?authuser=0&hl=en&entry=ttu&g_ep=EgoyMDI1MDMyNS4xIKXMDSoASAFQAw%3D%3D",vi nguyenhothuy,5.0,2024-08-01,The showroom has many beautiful designs and enthusiastic consultants,"
{
    ""danh_sach_tu_tot"": ""beautiful, enthusiastic"",
    ""danh_sach_tu_xau"": null
}
"
Minh_Long_-_Showroom_Qu·∫≠n_3,"17 B√† Huy·ªán Thanh Quan, Ph∆∞·ªùng V√µ Th·ªã S√°u, Qu·∫≠n 3, H·ªì Ch√≠ Minh 700000","https://www.google.com/maps/place/Minh+Long+-+Showroom+Qu%E1%BA%ADn+3/@10.775,106.69,17z/data=!4m6!3m5!1s0x31752f3b11eea597:0x2c5b19d03e4995e5!8m2!3d10.775!4d106.69!16s%2Fg%2F1hcbkkl0x?authuser=0&hl=en&entry=ttu&g_ep=EgoyMDI1MDMyNS4xIKXMDSoASAFQAw%3D%3D",Cambodia Doors,3.0,2024-04-01,Good service,"
{
    ""danh_sach_tu_tot"": ""Good"",
    ""danh_sach_tu_xau"": """"
}
"
Minh_Long_-_Showroom_Qu·∫≠n_3,"17 B√† Huy·ªán Thanh Quan, Ph∆∞·ªùng V√µ Th·ªã S√°u, Qu·∫≠n 3, H·ªì Ch√≠ Minh 700000","https://www.google.com/maps/place/Minh+Long+-+Showroom+Qu%E1%BA%ADn+3/@10.775,106.69,17z/data=!4m6!3m5!1s0x31752f3b11eea597:0x2c5b19d03e4995e5!8m2!3d10.775!4d106.69!16s%2Fg%2F1hcbkkl0x?authuser=0&hl=en&entry=ttu&g_ep=EgoyMDI1MDMyNS4xIKXMDSoASAFQAw%3D%3D",ƒêi K·ªá N√≥,5.0,2024-08-01,The product is very good. Next time I will come back to support the shop,"
{
    ""danh_sach_tu_tot"": ""very good"",
    ""danh_sach_tu_xau"": null
}
"
Minh_Long_-_Showroom_Qu·∫≠n_3,"17 B√† Huy·ªán Thanh Quan, Ph∆∞·ªùng V√µ Th·ªã S√°u, Qu·∫≠n 3, H·ªì Ch√≠ Minh 700000","https://www.google.com/maps/place/Minh+Long+-+Showroom+Qu%E1%BA%ADn+3/@10.775,106.69,17z/data=!4m6!3m5!1s0x31752f3b11eea597:0x2c5b19d03e4995e5!8m2!3d10.775!4d106.69!16s%2Fg%2F1hcbkkl0x?authuser=0&hl=en&entry=ttu&g_ep=EgoyMDI1MDMyNS4xIKXMDSoASAFQAw%3D%3D",ha le,3.0,2024-04-01,Beautiful cats but the price is a bit high,"
{
    ""danh_sach_tu_tot"": ""Beautiful"",
    ""danh_sach_tu_xau"": ""high""
}
"
Minh_Long_-_Showroom_Qu·∫≠n_3,"17 B√† Huy·ªán Thanh Quan, Ph∆∞·ªùng V√µ Th·ªã S√°u, Qu·∫≠n 3, H·ªì Ch√≠ Minh 700000","https://www.google.com/maps/place/Minh+Long+-+Showroom+Qu%E1%BA%ADn+3/@10.775,106.69,17z/data=!4m6!3m5!1s0x31752f3b11eea597:0x2c5b19d03e4995e5!8m2!3d10.775!4d106.69!16s%2Fg%2F1hcbkkl0x?authuser=0&hl=en&entry=ttu&g_ep=EgoyMDI1MDMyNS4xIKXMDSoASAFQAw%3D%3D",Thao Phan Van,5.0,2025-04-01,"I just made a purchase about a week ago. The store is large and airy. Enthusiastic and professional consulting staff.  Quality products, reasonable prices","
{
    ""danh_sach_tu_tot"": ""large, airy, enthusiastic, professional, quality, reasonable"",
    ""danh_sach_tu_xau"": null
}
"
Minh_Long_-_Showroom_Qu·∫≠n_3,"17 B√† Huy·ªán Thanh Quan, Ph∆∞·ªùng V√µ Th·ªã S√°u, Qu·∫≠n 3, H·ªì Ch√≠ Minh 700000","https://www.google.com/maps/place/Minh+Long+-+Showroom+Qu%E1%BA%ADn+3/@10.775,106.69,17z/data=!4m6!3m5!1s0x31752f3b11eea597:0x2c5b19d03e4995e5!8m2!3d10.775!4d106.69!16s%2Fg%2F1hcbkkl0x?authuser=0&hl=en&entry=ttu&g_ep=EgoyMDI1MDMyNS4xIKXMDSoASAFQAw%3D%3D",V≈© H·ªì,5.0,2025-04-01,"Friendly staff. Beautiful, quality product.","
{
    ""danh_sach_tu_tot"": ""Friendly, Beautiful, quality"",
    ""danh_sach_tu_xau"": """"
}
"
