places,address,link,user,star,creat_date,comment
TRUNG_NGUY√äN_LEGEND_COFFEE,"441 L√™ VƒÉn Vi·ªát, TƒÉng Nh∆°n Ph√∫ A, Th·ªß ƒê·ª©c, H·ªì Ch√≠ Minh","https://www.google.com/maps/place/TRUNG+NGUY%C3%8AN+LEGEND+COFFEE/@10.8450625,106.7921129,17z/data=!4m6!3m5!1s0x3175270319494f6d:0x4037fc415fc0a84d!8m2!3d10.8450625!4d106.7921129!16s%2Fg%2F11fptzdxb8?authuser=0&hl=en&entry=ttu&g_ep=EgoyMDI1MDMzMC4wIKXMDSoASAFQAw%3D%3D",Timmy Huynh,5.0,2024-04-01,NICE AND PEACEFUL PLACE FOR YOURSELF. REASONABLE PRICE.
TRUNG_NGUY√äN_LEGEND_COFFEE,"441 L√™ VƒÉn Vi·ªát, TƒÉng Nh∆°n Ph√∫ A, Th·ªß ƒê·ª©c, H·ªì Ch√≠ Minh","https://www.google.com/maps/place/TRUNG+NGUY%C3%8AN+LEGEND+COFFEE/@10.8450625,106.7921129,17z/data=!4m6!3m5!1s0x3175270319494f6d:0x4037fc415fc0a84d!8m2!3d10.8450625!4d106.7921129!16s%2Fg%2F11fptzdxb8?authuser=0&hl=en&entry=ttu&g_ep=EgoyMDI1MDMzMC4wIKXMDSoASAFQAw%3D%3D",Adwords Group,4.0,2024-04-01,"Trung Nguy√™n is a popular coffee chain in Vietnam, known for its high-quality coffee and stylish cafes. The branch located in Man Thi·ªán, Qu·∫≠n 9, H·ªì Ch√≠ Minh, is said to have a cozy and comfortable atmosphere with indoor and outdoor seating options. According to reviews, the cafe is well-decorated with modern furniture and a relaxing vibe.  Many reviewers praise the coffee at Trung Nguy√™n, with some describing it as the best they've ever had. The menu offers a variety of drinks, including espresso, cappuccino, latte, and Vietnamese-style coffee. Additionally, they serve a selection of food items, such as pastries and sandwiches, which are reportedly tasty and reasonably priced.  While some reviewers mention that the service can be a bit slow during peak hours, overall, the staff is described as friendly and attentive. The prices at Trung Nguy√™n are generally considered to be reasonable, especially for the quality of the coffee and food.  In summary, Trung Nguy√™n Caf√© in Man Thi·ªán, Qu·∫≠n 9, H·ªì Ch√≠ Minh, appears to be a popular coffee spot that offers high-quality drinks and a comfortable atmosphere. If you're looking for a place to relax and enjoy a good cup of coffee, this cafe may be worth checking out"
TRUNG_NGUY√äN_LEGEND_COFFEE,"441 L√™ VƒÉn Vi·ªát, TƒÉng Nh∆°n Ph√∫ A, Th·ªß ƒê·ª©c, H·ªì Ch√≠ Minh","https://www.google.com/maps/place/TRUNG+NGUY%C3%8AN+LEGEND+COFFEE/@10.8450625,106.7921129,17z/data=!4m6!3m5!1s0x3175270319494f6d:0x4037fc415fc0a84d!8m2!3d10.8450625!4d106.7921129!16s%2Fg%2F11fptzdxb8?authuser=0&hl=en&entry=ttu&g_ep=EgoyMDI1MDMzMC4wIKXMDSoASAFQAw%3D%3D",An V√µ,5.0,2024-04-01,A nice coffee shop.
TRUNG_NGUY√äN_LEGEND_COFFEE,"441 L√™ VƒÉn Vi·ªát, TƒÉng Nh∆°n Ph√∫ A, Th·ªß ƒê·ª©c, H·ªì Ch√≠ Minh","https://www.google.com/maps/place/TRUNG+NGUY%C3%8AN+LEGEND+COFFEE/@10.8450625,106.7921129,17z/data=!4m6!3m5!1s0x3175270319494f6d:0x4037fc415fc0a84d!8m2!3d10.8450625!4d106.7921129!16s%2Fg%2F11fptzdxb8?authuser=0&hl=en&entry=ttu&g_ep=EgoyMDI1MDMzMC4wIKXMDSoASAFQAw%3D%3D",XuanTrung Mai,4.0,2025-04-01,Good.
TRUNG_NGUY√äN_LEGEND_COFFEE,"441 L√™ VƒÉn Vi·ªát, TƒÉng Nh∆°n Ph√∫ A, Th·ªß ƒê·ª©c, H·ªì Ch√≠ Minh","https://www.google.com/maps/place/TRUNG+NGUY%C3%8AN+LEGEND+COFFEE/@10.8450625,106.7921129,17z/data=!4m6!3m5!1s0x3175270319494f6d:0x4037fc415fc0a84d!8m2!3d10.8450625!4d106.7921129!16s%2Fg%2F11fptzdxb8?authuser=0&hl=en&entry=ttu&g_ep=EgoyMDI1MDMzMC4wIKXMDSoASAFQAw%3D%3D",ƒêinh V≈© Ng·ªçc Th·∫Øng,1.0,2025-04-01,i have gift card. but they dont accept it because manager dont know how to use it. good job...
TRUNG_NGUY√äN_LEGEND_COFFEE,"441 L√™ VƒÉn Vi·ªát, TƒÉng Nh∆°n Ph√∫ A, Th·ªß ƒê·ª©c, H·ªì Ch√≠ Minh","https://www.google.com/maps/place/TRUNG+NGUY%C3%8AN+LEGEND+COFFEE/@10.8450625,106.7921129,17z/data=!4m6!3m5!1s0x3175270319494f6d:0x4037fc415fc0a84d!8m2!3d10.8450625!4d106.7921129!16s%2Fg%2F11fptzdxb8?authuser=0&hl=en&entry=ttu&g_ep=EgoyMDI1MDMzMC4wIKXMDSoASAFQAw%3D%3D",David Carter (RichBossUK),4.0,2025-04-01,"Still new, clean."
TRUNG_NGUY√äN_LEGEND_COFFEE,"441 L√™ VƒÉn Vi·ªát, TƒÉng Nh∆°n Ph√∫ A, Th·ªß ƒê·ª©c, H·ªì Ch√≠ Minh","https://www.google.com/maps/place/TRUNG+NGUY%C3%8AN+LEGEND+COFFEE/@10.8450625,106.7921129,17z/data=!4m6!3m5!1s0x3175270319494f6d:0x4037fc415fc0a84d!8m2!3d10.8450625!4d106.7921129!16s%2Fg%2F11fptzdxb8?authuser=0&hl=en&entry=ttu&g_ep=EgoyMDI1MDMzMC4wIKXMDSoASAFQAw%3D%3D",Phat Nguyen,5.0,2025-04-01,"Good place, nice view, great coffee. But so crowded on holiday, so service slowly sometime."
TRUNG_NGUY√äN_LEGEND_COFFEE,"441 L√™ VƒÉn Vi·ªát, TƒÉng Nh∆°n Ph√∫ A, Th·ªß ƒê·ª©c, H·ªì Ch√≠ Minh","https://www.google.com/maps/place/TRUNG+NGUY%C3%8AN+LEGEND+COFFEE/@10.8450625,106.7921129,17z/data=!4m6!3m5!1s0x3175270319494f6d:0x4037fc415fc0a84d!8m2!3d10.8450625!4d106.7921129!16s%2Fg%2F11fptzdxb8?authuser=0&hl=en&entry=ttu&g_ep=EgoyMDI1MDMzMC4wIKXMDSoASAFQAw%3D%3D",huong thai,4.0,2024-07-01,Cfe
TRUNG_NGUY√äN_LEGEND_COFFEE,"441 L√™ VƒÉn Vi·ªát, TƒÉng Nh∆°n Ph√∫ A, Th·ªß ƒê·ª©c, H·ªì Ch√≠ Minh","https://www.google.com/maps/place/TRUNG+NGUY%C3%8AN+LEGEND+COFFEE/@10.8450625,106.7921129,17z/data=!4m6!3m5!1s0x3175270319494f6d:0x4037fc415fc0a84d!8m2!3d10.8450625!4d106.7921129!16s%2Fg%2F11fptzdxb8?authuser=0&hl=en&entry=ttu&g_ep=EgoyMDI1MDMzMC4wIKXMDSoASAFQAw%3D%3D",Tinh Luu,5.0,2025-04-01,Nice place. Good food and coffee
TRUNG_NGUY√äN_LEGEND_COFFEE,"441 L√™ VƒÉn Vi·ªát, TƒÉng Nh∆°n Ph√∫ A, Th·ªß ƒê·ª©c, H·ªì Ch√≠ Minh","https://www.google.com/maps/place/TRUNG+NGUY%C3%8AN+LEGEND+COFFEE/@10.8450625,106.7921129,17z/data=!4m6!3m5!1s0x3175270319494f6d:0x4037fc415fc0a84d!8m2!3d10.8450625!4d106.7921129!16s%2Fg%2F11fptzdxb8?authuser=0&hl=en&entry=ttu&g_ep=EgoyMDI1MDMzMC4wIKXMDSoASAFQAw%3D%3D",Dinh Viet Son,4.0,2024-04-01,Good
TRUNG_NGUY√äN_LEGEND_COFFEE,"441 L√™ VƒÉn Vi·ªát, TƒÉng Nh∆°n Ph√∫ A, Th·ªß ƒê·ª©c, H·ªì Ch√≠ Minh","https://www.google.com/maps/place/TRUNG+NGUY%C3%8AN+LEGEND+COFFEE/@10.8450625,106.7921129,17z/data=!4m6!3m5!1s0x3175270319494f6d:0x4037fc415fc0a84d!8m2!3d10.8450625!4d106.7921129!16s%2Fg%2F11fptzdxb8?authuser=0&hl=en&entry=ttu&g_ep=EgoyMDI1MDMzMC4wIKXMDSoASAFQAw%3D%3D",CHIA S·∫∫,5.0,2025-04-01,Ok
TRUNG_NGUY√äN_LEGEND_COFFEE,"441 L√™ VƒÉn Vi·ªát, TƒÉng Nh∆°n Ph√∫ A, Th·ªß ƒê·ª©c, H·ªì Ch√≠ Minh","https://www.google.com/maps/place/TRUNG+NGUY%C3%8AN+LEGEND+COFFEE/@10.8450625,106.7921129,17z/data=!4m6!3m5!1s0x3175270319494f6d:0x4037fc415fc0a84d!8m2!3d10.8450625!4d106.7921129!16s%2Fg%2F11fptzdxb8?authuser=0&hl=en&entry=ttu&g_ep=EgoyMDI1MDMzMC4wIKXMDSoASAFQAw%3D%3D",Ph·∫°m H·ªìng Vi·ªát,5.0,2025-04-01,Creative
TRUNG_NGUY√äN_LEGEND_COFFEE,"441 L√™ VƒÉn Vi·ªát, TƒÉng Nh∆°n Ph√∫ A, Th·ªß ƒê·ª©c, H·ªì Ch√≠ Minh","https://www.google.com/maps/place/TRUNG+NGUY%C3%8AN+LEGEND+COFFEE/@10.8450625,106.7921129,17z/data=!4m6!3m5!1s0x3175270319494f6d:0x4037fc415fc0a84d!8m2!3d10.8450625!4d106.7921129!16s%2Fg%2F11fptzdxb8?authuser=0&hl=en&entry=ttu&g_ep=EgoyMDI1MDMzMC4wIKXMDSoASAFQAw%3D%3D",VƒÉn Kh√°nh Th√°i,5.0,2025-04-01,Great
TRUNG_NGUY√äN_LEGEND_COFFEE,"441 L√™ VƒÉn Vi·ªát, TƒÉng Nh∆°n Ph√∫ A, Th·ªß ƒê·ª©c, H·ªì Ch√≠ Minh","https://www.google.com/maps/place/TRUNG+NGUY%C3%8AN+LEGEND+COFFEE/@10.8450625,106.7921129,17z/data=!4m6!3m5!1s0x3175270319494f6d:0x4037fc415fc0a84d!8m2!3d10.8450625!4d106.7921129!16s%2Fg%2F11fptzdxb8?authuser=0&hl=en&entry=ttu&g_ep=EgoyMDI1MDMzMC4wIKXMDSoASAFQAw%3D%3D",Kh√¥i ƒêo√†n T·∫•n Vi·ªát,5.0,2025-04-01,Nice
TRUNG_NGUY√äN_LEGEND_COFFEE,"441 L√™ VƒÉn Vi·ªát, TƒÉng Nh∆°n Ph√∫ A, Th·ªß ƒê·ª©c, H·ªì Ch√≠ Minh","https://www.google.com/maps/place/TRUNG+NGUY%C3%8AN+LEGEND+COFFEE/@10.8450625,106.7921129,17z/data=!4m6!3m5!1s0x3175270319494f6d:0x4037fc415fc0a84d!8m2!3d10.8450625!4d106.7921129!16s%2Fg%2F11fptzdxb8?authuser=0&hl=en&entry=ttu&g_ep=EgoyMDI1MDMzMC4wIKXMDSoASAFQAw%3D%3D",2108. Vo Kim Yen,5.0,2025-04-01,love
TRUNG_NGUY√äN_LEGEND_COFFEE,"441 L√™ VƒÉn Vi·ªát, TƒÉng Nh∆°n Ph√∫ A, Th·ªß ƒê·ª©c, H·ªì Ch√≠ Minh","https://www.google.com/maps/place/TRUNG+NGUY%C3%8AN+LEGEND+COFFEE/@10.8450625,106.7921129,17z/data=!4m6!3m5!1s0x3175270319494f6d:0x4037fc415fc0a84d!8m2!3d10.8450625!4d106.7921129!16s%2Fg%2F11fptzdxb8?authuser=0&hl=en&entry=ttu&g_ep=EgoyMDI1MDMzMC4wIKXMDSoASAFQAw%3D%3D",Phisit Wasurakphong,5.0,2025-04-01,Great place to relax
TRUNG_NGUY√äN_LEGEND_COFFEE,"441 L√™ VƒÉn Vi·ªát, TƒÉng Nh∆°n Ph√∫ A, Th·ªß ƒê·ª©c, H·ªì Ch√≠ Minh","https://www.google.com/maps/place/TRUNG+NGUY%C3%8AN+LEGEND+COFFEE/@10.8450625,106.7921129,17z/data=!4m6!3m5!1s0x3175270319494f6d:0x4037fc415fc0a84d!8m2!3d10.8450625!4d106.7921129!16s%2Fg%2F11fptzdxb8?authuser=0&hl=en&entry=ttu&g_ep=EgoyMDI1MDMzMC4wIKXMDSoASAFQAw%3D%3D",Anh ph∆∞∆°ng Ng√¥,5.0,2025-04-01,Totally recommend üëå ‚Ä¶
TRUNG_NGUY√äN_LEGEND_COFFEE,"441 L√™ VƒÉn Vi·ªát, TƒÉng Nh∆°n Ph√∫ A, Th·ªß ƒê·ª©c, H·ªì Ch√≠ Minh","https://www.google.com/maps/place/TRUNG+NGUY%C3%8AN+LEGEND+COFFEE/@10.8450625,106.7921129,17z/data=!4m6!3m5!1s0x3175270319494f6d:0x4037fc415fc0a84d!8m2!3d10.8450625!4d106.7921129!16s%2Fg%2F11fptzdxb8?authuser=0&hl=en&entry=ttu&g_ep=EgoyMDI1MDMzMC4wIKXMDSoASAFQAw%3D%3D",egi egi,1.0,2025-04-01,Expensive
TRUNG_NGUY√äN_LEGEND_COFFEE,"441 L√™ VƒÉn Vi·ªát, TƒÉng Nh∆°n Ph√∫ A, Th·ªß ƒê·ª©c, H·ªì Ch√≠ Minh","https://www.google.com/maps/place/TRUNG+NGUY%C3%8AN+LEGEND+COFFEE/@10.8450625,106.7921129,17z/data=!4m6!3m5!1s0x3175270319494f6d:0x4037fc415fc0a84d!8m2!3d10.8450625!4d106.7921129!16s%2Fg%2F11fptzdxb8?authuser=0&hl=en&entry=ttu&g_ep=EgoyMDI1MDMzMC4wIKXMDSoASAFQAw%3D%3D",Duc Kevin Nguyen,3.0,2025-04-01,Normal
TRUNG_NGUY√äN_LEGEND_COFFEE,"441 L√™ VƒÉn Vi·ªát, TƒÉng Nh∆°n Ph√∫ A, Th·ªß ƒê·ª©c, H·ªì Ch√≠ Minh","https://www.google.com/maps/place/TRUNG+NGUY%C3%8AN+LEGEND+COFFEE/@10.8450625,106.7921129,17z/data=!4m6!3m5!1s0x3175270319494f6d:0x4037fc415fc0a84d!8m2!3d10.8450625!4d106.7921129!16s%2Fg%2F11fptzdxb8?authuser=0&hl=en&entry=ttu&g_ep=EgoyMDI1MDMzMC4wIKXMDSoASAFQAw%3D%3D",S∆°n V≈©,5.0,2024-04-01,Good
TRUNG_NGUY√äN_LEGEND_COFFEE,"441 L√™ VƒÉn Vi·ªát, TƒÉng Nh∆°n Ph√∫ A, Th·ªß ƒê·ª©c, H·ªì Ch√≠ Minh","https://www.google.com/maps/place/TRUNG+NGUY%C3%8AN+LEGEND+COFFEE/@10.8450625,106.7921129,17z/data=!4m6!3m5!1s0x3175270319494f6d:0x4037fc415fc0a84d!8m2!3d10.8450625!4d106.7921129!16s%2Fg%2F11fptzdxb8?authuser=0&hl=en&entry=ttu&g_ep=EgoyMDI1MDMzMC4wIKXMDSoASAFQAw%3D%3D",Thang VinFast Auto,5.0,2025-04-01,Ok
TRUNG_NGUY√äN_LEGEND_COFFEE,"441 L√™ VƒÉn Vi·ªát, TƒÉng Nh∆°n Ph√∫ A, Th·ªß ƒê·ª©c, H·ªì Ch√≠ Minh","https://www.google.com/maps/place/TRUNG+NGUY%C3%8AN+LEGEND+COFFEE/@10.8450625,106.7921129,17z/data=!4m6!3m5!1s0x3175270319494f6d:0x4037fc415fc0a84d!8m2!3d10.8450625!4d106.7921129!16s%2Fg%2F11fptzdxb8?authuser=0&hl=en&entry=ttu&g_ep=EgoyMDI1MDMzMC4wIKXMDSoASAFQAw%3D%3D",Do Thi Bich Hanh,5.0,2025-04-01,Good
TRUNG_NGUY√äN_LEGEND_COFFEE,"441 L√™ VƒÉn Vi·ªát, TƒÉng Nh∆°n Ph√∫ A, Th·ªß ƒê·ª©c, H·ªì Ch√≠ Minh","https://www.google.com/maps/place/TRUNG+NGUY%C3%8AN+LEGEND+COFFEE/@10.8450625,106.7921129,17z/data=!4m6!3m5!1s0x3175270319494f6d:0x4037fc415fc0a84d!8m2!3d10.8450625!4d106.7921129!16s%2Fg%2F11fptzdxb8?authuser=0&hl=en&entry=ttu&g_ep=EgoyMDI1MDMzMC4wIKXMDSoASAFQAw%3D%3D",Ti·∫øn Nguy·ªÖn,4.0,2025-04-01,Ok
TRUNG_NGUY√äN_LEGEND_COFFEE,"441 L√™ VƒÉn Vi·ªát, TƒÉng Nh∆°n Ph√∫ A, Th·ªß ƒê·ª©c, H·ªì Ch√≠ Minh","https://www.google.com/maps/place/TRUNG+NGUY%C3%8AN+LEGEND+COFFEE/@10.8450625,106.7921129,17z/data=!4m6!3m5!1s0x3175270319494f6d:0x4037fc415fc0a84d!8m2!3d10.8450625!4d106.7921129!16s%2Fg%2F11fptzdxb8?authuser=0&hl=en&entry=ttu&g_ep=EgoyMDI1MDMzMC4wIKXMDSoASAFQAw%3D%3D",ƒê·ªïng ƒê·∫°i Th√≠ch,3.0,2025-04-01,Good
TRUNG_NGUY√äN_LEGEND_COFFEE,"441 L√™ VƒÉn Vi·ªát, TƒÉng Nh∆°n Ph√∫ A, Th·ªß ƒê·ª©c, H·ªì Ch√≠ Minh","https://www.google.com/maps/place/TRUNG+NGUY%C3%8AN+LEGEND+COFFEE/@10.8450625,106.7921129,17z/data=!4m6!3m5!1s0x3175270319494f6d:0x4037fc415fc0a84d!8m2!3d10.8450625!4d106.7921129!16s%2Fg%2F11fptzdxb8?authuser=0&hl=en&entry=ttu&g_ep=EgoyMDI1MDMzMC4wIKXMDSoASAFQAw%3D%3D",Vuong truong quoc,5.0,2025-04-01,Ok
TRUNG_NGUY√äN_LEGEND_COFFEE,"441 L√™ VƒÉn Vi·ªát, TƒÉng Nh∆°n Ph√∫ A, Th·ªß ƒê·ª©c, H·ªì Ch√≠ Minh","https://www.google.com/maps/place/TRUNG+NGUY%C3%8AN+LEGEND+COFFEE/@10.8450625,106.7921129,17z/data=!4m6!3m5!1s0x3175270319494f6d:0x4037fc415fc0a84d!8m2!3d10.8450625!4d106.7921129!16s%2Fg%2F11fptzdxb8?authuser=0&hl=en&entry=ttu&g_ep=EgoyMDI1MDMzMC4wIKXMDSoASAFQAw%3D%3D",Th·ª±c T·∫ø D·ª± √Ån Tv,5.0,2025-04-01,Good
TRUNG_NGUY√äN_LEGEND_COFFEE,"441 L√™ VƒÉn Vi·ªát, TƒÉng Nh∆°n Ph√∫ A, Th·ªß ƒê·ª©c, H·ªì Ch√≠ Minh","https://www.google.com/maps/place/TRUNG+NGUY%C3%8AN+LEGEND+COFFEE/@10.8450625,106.7921129,17z/data=!4m6!3m5!1s0x3175270319494f6d:0x4037fc415fc0a84d!8m2!3d10.8450625!4d106.7921129!16s%2Fg%2F11fptzdxb8?authuser=0&hl=en&entry=ttu&g_ep=EgoyMDI1MDMzMC4wIKXMDSoASAFQAw%3D%3D",MANH NGUYEN HUU,5.0,2025-02-01,"**Review Trung Nguyen Legend Coffee - 441 Le Van Viet, District 9, Ho Chi Minh**  Trung Nguyen Legend is not only a leading name in the Vietnamese coffee industry but also a symbol of a global corporation with **a great organizational vision**, **by serving the human community* *. Setting foot in Trung Nguyen Legend Coffee at 441 Le Van Viet, District 9, Ho Chi Minh, customers will not only enjoy fragrant cups of coffee but also feel the mission and core values of the brand. This gives.  **Space and Experience**  Trung Nguyen Legend Coffee creates a culturally rich coffee enjoyment space, where all senses are awakened. From decoration to lighting to music, every element is taken care of so customers can immerse themselves in a mindful, inspired lifestyle. Coffee here is not just a drink but also a means to connect people and build community.  **Vision and Mission**  ""Great organization by serving the human community"" is not an empty slogan. Trung Nguyen Legend has been making tireless efforts to build **a united human community**, **following a value system of an awakened lifestyle**, bringing true success and happiness to everyone. each individual through experiencing and enjoying coffee.  **Core Values**  With **Absolute faith** in the values we pursue, Trung Nguyen Legend demonstrates **service to the community** and **humanity's response** through every cup of coffee and every business activity. joint. **Strong finances** not only refers to financial strength but also stability and sustainable development year after year.  **Conclude**  Coming to Trung Nguyen Legend Coffee at 441 Le Van Viet, you will not only enjoy the great taste of coffee but also share and be inspired by the vision, mission and core values that Trung Nguyen Legend aims for. . Each cup of coffee here is not just a drink, but also an inspiration for a mindful lifestyle, towards love, service and contributing to the common prosperity of the community. üì∏ Manh Nguyen Huu #Letsguide #Localguider #Googlemaps"
TRUNG_NGUY√äN_LEGEND_COFFEE,"441 L√™ VƒÉn Vi·ªát, TƒÉng Nh∆°n Ph√∫ A, Th·ªß ƒê·ª©c, H·ªì Ch√≠ Minh","https://www.google.com/maps/place/TRUNG+NGUY%C3%8AN+LEGEND+COFFEE/@10.8450625,106.7921129,17z/data=!4m6!3m5!1s0x3175270319494f6d:0x4037fc415fc0a84d!8m2!3d10.8450625!4d106.7921129!16s%2Fg%2F11fptzdxb8?authuser=0&hl=en&entry=ttu&g_ep=EgoyMDI1MDMzMC4wIKXMDSoASAFQAw%3D%3D",Trang Phan L√™ Th·ªã Th√πy,5.0,2025-02-01,"Comfortable space with many options, great coffee, delicious drinks, beautiful design"
TRUNG_NGUY√äN_LEGEND_COFFEE,"441 L√™ VƒÉn Vi·ªát, TƒÉng Nh∆°n Ph√∫ A, Th·ªß ƒê·ª©c, H·ªì Ch√≠ Minh","https://www.google.com/maps/place/TRUNG+NGUY%C3%8AN+LEGEND+COFFEE/@10.8450625,106.7921129,17z/data=!4m6!3m5!1s0x3175270319494f6d:0x4037fc415fc0a84d!8m2!3d10.8450625!4d106.7921129!16s%2Fg%2F11fptzdxb8?authuser=0&hl=en&entry=ttu&g_ep=EgoyMDI1MDMzMC4wIKXMDSoASAFQAw%3D%3D",May Birddy,4.0,2025-02-01,"Cocoa cream, delicious coffee. The shop serves some fragrant tea and a plate of melon seeds. Hot milk cocoa is bad, you can barely smell the cocoa taste, the price is not worth it for such a cup. The restaurant is spacious, with many seating positions from outdoors to indoors. The staff are enthusiastic and cute. The toilet is next to the kitchen, not very refined."
TRUNG_NGUY√äN_LEGEND_COFFEE,"441 L√™ VƒÉn Vi·ªát, TƒÉng Nh∆°n Ph√∫ A, Th·ªß ƒê·ª©c, H·ªì Ch√≠ Minh","https://www.google.com/maps/place/TRUNG+NGUY%C3%8AN+LEGEND+COFFEE/@10.8450625,106.7921129,17z/data=!4m6!3m5!1s0x3175270319494f6d:0x4037fc415fc0a84d!8m2!3d10.8450625!4d106.7921129!16s%2Fg%2F11fptzdxb8?authuser=0&hl=en&entry=ttu&g_ep=EgoyMDI1MDMzMC4wIKXMDSoASAFQAw%3D%3D",Nhung Cam,5.0,2024-11-01,"The restaurant has a beautiful space, diverse drinks and dishes, and reasonable prices. What's more surprising is that the restaurant also offers a plate of sunflower seeds and fruit for dessert. All of the staff are lovely, enthusiastic and cheerful"
TRUNG_NGUY√äN_LEGEND_COFFEE,"441 L√™ VƒÉn Vi·ªát, TƒÉng Nh∆°n Ph√∫ A, Th·ªß ƒê·ª©c, H·ªì Ch√≠ Minh","https://www.google.com/maps/place/TRUNG+NGUY%C3%8AN+LEGEND+COFFEE/@10.8450625,106.7921129,17z/data=!4m6!3m5!1s0x3175270319494f6d:0x4037fc415fc0a84d!8m2!3d10.8450625!4d106.7921129!16s%2Fg%2F11fptzdxb8?authuser=0&hl=en&entry=ttu&g_ep=EgoyMDI1MDMzMC4wIKXMDSoASAFQAw%3D%3D",Brian Nguyen,4.0,2024-05-01,"It was too hot on the street at noon and I was looking for an air-conditioned restaurant so I popped in here. The first impression is the open space. Trung Nguyen Cafe's menus are the same, so I can't comment. Prices are relatively expensive compared to surrounding shops. The service staff is friendly and courteous."
TRUNG_NGUY√äN_LEGEND_COFFEE,"441 L√™ VƒÉn Vi·ªát, TƒÉng Nh∆°n Ph√∫ A, Th·ªß ƒê·ª©c, H·ªì Ch√≠ Minh","https://www.google.com/maps/place/TRUNG+NGUY%C3%8AN+LEGEND+COFFEE/@10.8450625,106.7921129,17z/data=!4m6!3m5!1s0x3175270319494f6d:0x4037fc415fc0a84d!8m2!3d10.8450625!4d106.7921129!16s%2Fg%2F11fptzdxb8?authuser=0&hl=en&entry=ttu&g_ep=EgoyMDI1MDMzMC4wIKXMDSoASAFQAw%3D%3D",Anh Quoc Pham,2.0,2025-03-11,The shop often has power outages. I don't know why. It happened twice out of 3 times.
TRUNG_NGUY√äN_LEGEND_COFFEE,"441 L√™ VƒÉn Vi·ªát, TƒÉng Nh∆°n Ph√∫ A, Th·ªß ƒê·ª©c, H·ªì Ch√≠ Minh","https://www.google.com/maps/place/TRUNG+NGUY%C3%8AN+LEGEND+COFFEE/@10.8450625,106.7921129,17z/data=!4m6!3m5!1s0x3175270319494f6d:0x4037fc415fc0a84d!8m2!3d10.8450625!4d106.7921129!16s%2Fg%2F11fptzdxb8?authuser=0&hl=en&entry=ttu&g_ep=EgoyMDI1MDMzMC4wIKXMDSoASAFQAw%3D%3D",Kh√°nh Ph·∫°m,5.0,2024-04-01,"The specific drink cf is very delicious. The restaurant is arranged in a cool, beautiful and polite space. The shop is great but maybe young people won't like the different type of space, this shop is more suitable for sitting and working, more suitable for ages 7-8x and early 9x. Personally, Trung Nguyen coffee is fragrant, has a great taste and there are many types of mixtures between abrica and rubosta to create many different flavors and flavors. If you really love coffee, come and experience it."
TRUNG_NGUY√äN_LEGEND_COFFEE,"441 L√™ VƒÉn Vi·ªát, TƒÉng Nh∆°n Ph√∫ A, Th·ªß ƒê·ª©c, H·ªì Ch√≠ Minh","https://www.google.com/maps/place/TRUNG+NGUY%C3%8AN+LEGEND+COFFEE/@10.8450625,106.7921129,17z/data=!4m6!3m5!1s0x3175270319494f6d:0x4037fc415fc0a84d!8m2!3d10.8450625!4d106.7921129!16s%2Fg%2F11fptzdxb8?authuser=0&hl=en&entry=ttu&g_ep=EgoyMDI1MDMzMC4wIKXMDSoASAFQAw%3D%3D",M·ªπ Kim,5.0,2025-04-01,"It's been a long time since I've stopped by Trung Nguyen Legend. The prices are still the same, which surprised me because most other shops have increased. I used Gia Lai dry pho and it was still as delicious as before. The chocolate ice cream and coffee ice cream were also very delicious. The restaurant is spacious, has many seats, and plays gentle music."
TRUNG_NGUY√äN_LEGEND_COFFEE,"441 L√™ VƒÉn Vi·ªát, TƒÉng Nh∆°n Ph√∫ A, Th·ªß ƒê·ª©c, H·ªì Ch√≠ Minh","https://www.google.com/maps/place/TRUNG+NGUY%C3%8AN+LEGEND+COFFEE/@10.8450625,106.7921129,17z/data=!4m6!3m5!1s0x3175270319494f6d:0x4037fc415fc0a84d!8m2!3d10.8450625!4d106.7921129!16s%2Fg%2F11fptzdxb8?authuser=0&hl=en&entry=ttu&g_ep=EgoyMDI1MDMzMC4wIKXMDSoASAFQAw%3D%3D",Nguy·ªÖn Ho√†ng L·ªôc,4.0,2025-04-01,"The shop has a spacious and comfortable space, including a children's game area, suitable for enjoying coffee with friends and relatives. I enjoyed a cup of creative energy iced milk coffee 04 with unique aroma and rich flavor."
TRUNG_NGUY√äN_LEGEND_COFFEE,"441 L√™ VƒÉn Vi·ªát, TƒÉng Nh∆°n Ph√∫ A, Th·ªß ƒê·ª©c, H·ªì Ch√≠ Minh","https://www.google.com/maps/place/TRUNG+NGUY%C3%8AN+LEGEND+COFFEE/@10.8450625,106.7921129,17z/data=!4m6!3m5!1s0x3175270319494f6d:0x4037fc415fc0a84d!8m2!3d10.8450625!4d106.7921129!16s%2Fg%2F11fptzdxb8?authuser=0&hl=en&entry=ttu&g_ep=EgoyMDI1MDMzMC4wIKXMDSoASAFQAw%3D%3D",Steven L√¢m Nguy·ªÖn,5.0,2025-04-01,"Great place at district 9  I searched forever in Thu Duc and District 9 to find a Trung Nguyen coffee shop.  The shop has 3 areas: garden, outdoor and air conditioning. Every place has its own beauty and characteristics.  Trung Nguyen Legend chain doesn't need to be told much. But this place has an ordering table so it's very convenient. All civilized guests. Professional staff, I accidentally broke the glass but your attitude is very professional.  If you work at a coffee shop or chat with friends in a quiet style, please come in.  #StevenNguyen #StevenReview #TryShareReview #ExploreWorld #RealStory #LocalGuide  #Coffee"
TRUNG_NGUY√äN_LEGEND_COFFEE,"441 L√™ VƒÉn Vi·ªát, TƒÉng Nh∆°n Ph√∫ A, Th·ªß ƒê·ª©c, H·ªì Ch√≠ Minh","https://www.google.com/maps/place/TRUNG+NGUY%C3%8AN+LEGEND+COFFEE/@10.8450625,106.7921129,17z/data=!4m6!3m5!1s0x3175270319494f6d:0x4037fc415fc0a84d!8m2!3d10.8450625!4d106.7921129!16s%2Fg%2F11fptzdxb8?authuser=0&hl=en&entry=ttu&g_ep=EgoyMDI1MDMzMC4wIKXMDSoASAFQAw%3D%3D","Thuan Anh, Nguyen",5.0,2024-12-01,"Service quality: Trung Nguyen's coffee shop stands out with its cozy, spacious space, suitable for both working and meeting friends. Friendly, attentive staff, quick and professional service. The menu is extensive, including many types of Vietnamese specialty coffee, from filter coffee to roasted ground coffee, and creative drinks.  Experience and reviews: Trung Nguyen Legend Coffee brings an experience of Vietnamese coffee culture with rich, delicious coffee quality. Each cup of coffee is carefully processed, preserving its unique flavor. In particular, shops often have quiet areas and electrical outlets for customers to work or study. In addition, guests can also visit and buy typical coffee products to take home."
TRUNG_NGUY√äN_LEGEND_COFFEE,"441 L√™ VƒÉn Vi·ªát, TƒÉng Nh∆°n Ph√∫ A, Th·ªß ƒê·ª©c, H·ªì Ch√≠ Minh","https://www.google.com/maps/place/TRUNG+NGUY%C3%8AN+LEGEND+COFFEE/@10.8450625,106.7921129,17z/data=!4m6!3m5!1s0x3175270319494f6d:0x4037fc415fc0a84d!8m2!3d10.8450625!4d106.7921129!16s%2Fg%2F11fptzdxb8?authuser=0&hl=en&entry=ttu&g_ep=EgoyMDI1MDMzMC4wIKXMDSoASAFQAw%3D%3D",Le Quynh,2.0,2024-11-01,"On October 16, I stopped by this shop to drink coffee and lost my wallet and all my documents. However, the owner said the camera doesn't record and can't be viewed, so I can't check. Please note that before coming here, please drink water"
TRUNG_NGUY√äN_LEGEND_COFFEE,"441 L√™ VƒÉn Vi·ªát, TƒÉng Nh∆°n Ph√∫ A, Th·ªß ƒê·ª©c, H·ªì Ch√≠ Minh","https://www.google.com/maps/place/TRUNG+NGUY%C3%8AN+LEGEND+COFFEE/@10.8450625,106.7921129,17z/data=!4m6!3m5!1s0x3175270319494f6d:0x4037fc415fc0a84d!8m2!3d10.8450625!4d106.7921129!16s%2Fg%2F11fptzdxb8?authuser=0&hl=en&entry=ttu&g_ep=EgoyMDI1MDMzMC4wIKXMDSoASAFQAw%3D%3D",H·∫°nh Tr∆∞∆°ng,1.0,2024-06-01,"I went to the Milk Coffee order shop. If the shop has many types of milk coffee, the order staff must at least ask me which type I want to use. The shop automatically gives me the Creative 5 type (59k/cup). As a seller and a buyer, there is no misunderstanding here. I feel like the shop is intentionally unclear in ordering by not asking which type I use when there are several types of milk coffee but proactively gives me the most expensive one. With the shop's space and service at a normal level, spending 59k for a cup of milk coffee like that (I went with 2 people, ordered 2 cups) is really not worth the money. Quan should improve the above problem whether intentionally or unintentionally."
TRUNG_NGUY√äN_LEGEND_COFFEE,"441 L√™ VƒÉn Vi·ªát, TƒÉng Nh∆°n Ph√∫ A, Th·ªß ƒê·ª©c, H·ªì Ch√≠ Minh","https://www.google.com/maps/place/TRUNG+NGUY%C3%8AN+LEGEND+COFFEE/@10.8450625,106.7921129,17z/data=!4m6!3m5!1s0x3175270319494f6d:0x4037fc415fc0a84d!8m2!3d10.8450625!4d106.7921129!16s%2Fg%2F11fptzdxb8?authuser=0&hl=en&entry=ttu&g_ep=EgoyMDI1MDMzMC4wIKXMDSoASAFQAw%3D%3D",Thang Tranquoc,5.0,2024-11-01,"The shop is spacious and airy, with wifi. If you have free time, you can stop by the shop to enjoy coffee, confide or talk to each other."
TRUNG_NGUY√äN_LEGEND_COFFEE,"441 L√™ VƒÉn Vi·ªát, TƒÉng Nh∆°n Ph√∫ A, Th·ªß ƒê·ª©c, H·ªì Ch√≠ Minh","https://www.google.com/maps/place/TRUNG+NGUY%C3%8AN+LEGEND+COFFEE/@10.8450625,106.7921129,17z/data=!4m6!3m5!1s0x3175270319494f6d:0x4037fc415fc0a84d!8m2!3d10.8450625!4d106.7921129!16s%2Fg%2F11fptzdxb8?authuser=0&hl=en&entry=ttu&g_ep=EgoyMDI1MDMzMC4wIKXMDSoASAFQAw%3D%3D",nhutanh phan,5.0,2025-01-01,"Good service, drinks are also quite ok, space 10 points Location and price are reasonable"
TRUNG_NGUY√äN_LEGEND_COFFEE,"441 L√™ VƒÉn Vi·ªát, TƒÉng Nh∆°n Ph√∫ A, Th·ªß ƒê·ª©c, H·ªì Ch√≠ Minh","https://www.google.com/maps/place/TRUNG+NGUY%C3%8AN+LEGEND+COFFEE/@10.8450625,106.7921129,17z/data=!4m6!3m5!1s0x3175270319494f6d:0x4037fc415fc0a84d!8m2!3d10.8450625!4d106.7921129!16s%2Fg%2F11fptzdxb8?authuser=0&hl=en&entry=ttu&g_ep=EgoyMDI1MDMzMC4wIKXMDSoASAFQAw%3D%3D",ƒêi ƒê·ªÉ ƒê·∫øn,5.0,2025-04-01,"The shop has open space, many trees, a cold room, garden, delicious cafe, and food at the shop. Suitable for large gatherings and business discussions."
TRUNG_NGUY√äN_LEGEND_COFFEE,"441 L√™ VƒÉn Vi·ªát, TƒÉng Nh∆°n Ph√∫ A, Th·ªß ƒê·ª©c, H·ªì Ch√≠ Minh","https://www.google.com/maps/place/TRUNG+NGUY%C3%8AN+LEGEND+COFFEE/@10.8450625,106.7921129,17z/data=!4m6!3m5!1s0x3175270319494f6d:0x4037fc415fc0a84d!8m2!3d10.8450625!4d106.7921129!16s%2Fg%2F11fptzdxb8?authuser=0&hl=en&entry=ttu&g_ep=EgoyMDI1MDMzMC4wIKXMDSoASAFQAw%3D%3D",Linh Ph·ª•ng Phan,5.0,2024-04-01,"The space is spacious and airy. My favorite coffee brand. The restaurant serves breakfast, and has a play area for children."
TRUNG_NGUY√äN_LEGEND_COFFEE,"441 L√™ VƒÉn Vi·ªát, TƒÉng Nh∆°n Ph√∫ A, Th·ªß ƒê·ª©c, H·ªì Ch√≠ Minh","https://www.google.com/maps/place/TRUNG+NGUY%C3%8AN+LEGEND+COFFEE/@10.8450625,106.7921129,17z/data=!4m6!3m5!1s0x3175270319494f6d:0x4037fc415fc0a84d!8m2!3d10.8450625!4d106.7921129!16s%2Fg%2F11fptzdxb8?authuser=0&hl=en&entry=ttu&g_ep=EgoyMDI1MDMzMC4wIKXMDSoASAFQAw%3D%3D",Nguyen Vo Duc,4.0,2025-04-01,"The shop is quite cool because there are many trees, in addition the shop also has flowers so this space is quite suitable for working"
TRUNG_NGUY√äN_LEGEND_COFFEE,"441 L√™ VƒÉn Vi·ªát, TƒÉng Nh∆°n Ph√∫ A, Th·ªß ƒê·ª©c, H·ªì Ch√≠ Minh","https://www.google.com/maps/place/TRUNG+NGUY%C3%8AN+LEGEND+COFFEE/@10.8450625,106.7921129,17z/data=!4m6!3m5!1s0x3175270319494f6d:0x4037fc415fc0a84d!8m2!3d10.8450625!4d106.7921129!16s%2Fg%2F11fptzdxb8?authuser=0&hl=en&entry=ttu&g_ep=EgoyMDI1MDMzMC4wIKXMDSoASAFQAw%3D%3D",L√™ S∆°n Giang,5.0,2024-09-01,"Clean, luxurious. My favorite is the ball house for children"
TRUNG_NGUY√äN_LEGEND_COFFEE,"441 L√™ VƒÉn Vi·ªát, TƒÉng Nh∆°n Ph√∫ A, Th·ªß ƒê·ª©c, H·ªì Ch√≠ Minh","https://www.google.com/maps/place/TRUNG+NGUY%C3%8AN+LEGEND+COFFEE/@10.8450625,106.7921129,17z/data=!4m6!3m5!1s0x3175270319494f6d:0x4037fc415fc0a84d!8m2!3d10.8450625!4d106.7921129!16s%2Fg%2F11fptzdxb8?authuser=0&hl=en&entry=ttu&g_ep=EgoyMDI1MDMzMC4wIKXMDSoASAFQAw%3D%3D",Thi·ªán Minh,5.0,2025-04-01,"The shop is beautiful, cool, spacious parking, friendly staff with dedicated service, delicious coffee of Trung Nguyen quality. It's great to enjoy coffee here."
TRUNG_NGUY√äN_LEGEND_COFFEE,"441 L√™ VƒÉn Vi·ªát, TƒÉng Nh∆°n Ph√∫ A, Th·ªß ƒê·ª©c, H·ªì Ch√≠ Minh","https://www.google.com/maps/place/TRUNG+NGUY%C3%8AN+LEGEND+COFFEE/@10.8450625,106.7921129,17z/data=!4m6!3m5!1s0x3175270319494f6d:0x4037fc415fc0a84d!8m2!3d10.8450625!4d106.7921129!16s%2Fg%2F11fptzdxb8?authuser=0&hl=en&entry=ttu&g_ep=EgoyMDI1MDMzMC4wIKXMDSoASAFQAw%3D%3D",Tr·∫ßn Duy H∆∞ng,5.0,2025-04-01,"The shop space is spacious, quiet, a suitable environment to work, and the drinks are delicious.üëçüëçüëç ‚Ä¶"
TRUNG_NGUY√äN_LEGEND_COFFEE,"441 L√™ VƒÉn Vi·ªát, TƒÉng Nh∆°n Ph√∫ A, Th·ªß ƒê·ª©c, H·ªì Ch√≠ Minh","https://www.google.com/maps/place/TRUNG+NGUY%C3%8AN+LEGEND+COFFEE/@10.8450625,106.7921129,17z/data=!4m6!3m5!1s0x3175270319494f6d:0x4037fc415fc0a84d!8m2!3d10.8450625!4d106.7921129!16s%2Fg%2F11fptzdxb8?authuser=0&hl=en&entry=ttu&g_ep=EgoyMDI1MDMzMC4wIKXMDSoASAFQAw%3D%3D",Thanh Thi Tran,5.0,2024-04-01,"Delicious cafe, quiet space, suitable for working"
TRUNG_NGUY√äN_LEGEND_COFFEE,"441 L√™ VƒÉn Vi·ªát, TƒÉng Nh∆°n Ph√∫ A, Th·ªß ƒê·ª©c, H·ªì Ch√≠ Minh","https://www.google.com/maps/place/TRUNG+NGUY%C3%8AN+LEGEND+COFFEE/@10.8450625,106.7921129,17z/data=!4m6!3m5!1s0x3175270319494f6d:0x4037fc415fc0a84d!8m2!3d10.8450625!4d106.7921129!16s%2Fg%2F11fptzdxb8?authuser=0&hl=en&entry=ttu&g_ep=EgoyMDI1MDMzMC4wIKXMDSoASAFQAw%3D%3D",V≈© D∆∞∆°ng,3.0,2025-04-01,The waiter seemed annoyed when the customer finished drinking and wanted to change tables (because I had other customers to serve). I asked the staff member to move the water to a new table and she took all my smoothies and liptons away and brought me another glass of iced tea. Am I drinking my smoothie?
TRUNG_NGUY√äN_LEGEND_COFFEE,"441 L√™ VƒÉn Vi·ªát, TƒÉng Nh∆°n Ph√∫ A, Th·ªß ƒê·ª©c, H·ªì Ch√≠ Minh","https://www.google.com/maps/place/TRUNG+NGUY%C3%8AN+LEGEND+COFFEE/@10.8450625,106.7921129,17z/data=!4m6!3m5!1s0x3175270319494f6d:0x4037fc415fc0a84d!8m2!3d10.8450625!4d106.7921129!16s%2Fg%2F11fptzdxb8?authuser=0&hl=en&entry=ttu&g_ep=EgoyMDI1MDMzMC4wIKXMDSoASAFQAw%3D%3D",Ho√†i L√™,5.0,2024-04-01,"There is a clean children's play area, beautiful fruit display cases, cheerful and enthusiastic staff, and long-term support"
TRUNG_NGUY√äN_LEGEND_COFFEE,"441 L√™ VƒÉn Vi·ªát, TƒÉng Nh∆°n Ph√∫ A, Th·ªß ƒê·ª©c, H·ªì Ch√≠ Minh","https://www.google.com/maps/place/TRUNG+NGUY%C3%8AN+LEGEND+COFFEE/@10.8450625,106.7921129,17z/data=!4m6!3m5!1s0x3175270319494f6d:0x4037fc415fc0a84d!8m2!3d10.8450625!4d106.7921129!16s%2Fg%2F11fptzdxb8?authuser=0&hl=en&entry=ttu&g_ep=EgoyMDI1MDMzMC4wIKXMDSoASAFQAw%3D%3D",Doan Tran,5.0,2025-04-01,"Quite suitable for reading books, politely receiving guests... the service staff is quite enthusiastic. However, on crowded days, service takes a bit longer and one minus point is the restroom"
TRUNG_NGUY√äN_LEGEND_COFFEE,"441 L√™ VƒÉn Vi·ªát, TƒÉng Nh∆°n Ph√∫ A, Th·ªß ƒê·ª©c, H·ªì Ch√≠ Minh","https://www.google.com/maps/place/TRUNG+NGUY%C3%8AN+LEGEND+COFFEE/@10.8450625,106.7921129,17z/data=!4m6!3m5!1s0x3175270319494f6d:0x4037fc415fc0a84d!8m2!3d10.8450625!4d106.7921129!16s%2Fg%2F11fptzdxb8?authuser=0&hl=en&entry=ttu&g_ep=EgoyMDI1MDMzMC4wIKXMDSoASAFQAw%3D%3D",Pham Huynh,5.0,2024-04-01,"Everything is great from the drinks, food and space, but the cafe has a garden and a play area for children, so sometimes a few customers come and talk very loudly, so you have to be patient."
TRUNG_NGUY√äN_LEGEND_COFFEE,"441 L√™ VƒÉn Vi·ªát, TƒÉng Nh∆°n Ph√∫ A, Th·ªß ƒê·ª©c, H·ªì Ch√≠ Minh","https://www.google.com/maps/place/TRUNG+NGUY%C3%8AN+LEGEND+COFFEE/@10.8450625,106.7921129,17z/data=!4m6!3m5!1s0x3175270319494f6d:0x4037fc415fc0a84d!8m2!3d10.8450625!4d106.7921129!16s%2Fg%2F11fptzdxb8?authuser=0&hl=en&entry=ttu&g_ep=EgoyMDI1MDMzMC4wIKXMDSoASAFQAw%3D%3D",Long Ho√†ng,1.0,2025-04-01,"The restaurant's view is ok. When I entered, I saw the staff eating at the counter. There were cockroaches in the restaurant. The staff walked by and saw that they didn't clean up and crawled around the restaurant."
TRUNG_NGUY√äN_LEGEND_COFFEE,"441 L√™ VƒÉn Vi·ªát, TƒÉng Nh∆°n Ph√∫ A, Th·ªß ƒê·ª©c, H·ªì Ch√≠ Minh","https://www.google.com/maps/place/TRUNG+NGUY%C3%8AN+LEGEND+COFFEE/@10.8450625,106.7921129,17z/data=!4m6!3m5!1s0x3175270319494f6d:0x4037fc415fc0a84d!8m2!3d10.8450625!4d106.7921129!16s%2Fg%2F11fptzdxb8?authuser=0&hl=en&entry=ttu&g_ep=EgoyMDI1MDMzMC4wIKXMDSoASAFQAw%3D%3D",Ch√≠n Nghƒ©a Thu√™ xe,5.0,2025-04-01,"Beautiful, luxurious restaurant with lovely waiters and diverse drinks. Will support for a long time"
TRUNG_NGUY√äN_LEGEND_COFFEE,"441 L√™ VƒÉn Vi·ªát, TƒÉng Nh∆°n Ph√∫ A, Th·ªß ƒê·ª©c, H·ªì Ch√≠ Minh","https://www.google.com/maps/place/TRUNG+NGUY%C3%8AN+LEGEND+COFFEE/@10.8450625,106.7921129,17z/data=!4m6!3m5!1s0x3175270319494f6d:0x4037fc415fc0a84d!8m2!3d10.8450625!4d106.7921129!16s%2Fg%2F11fptzdxb8?authuser=0&hl=en&entry=ttu&g_ep=EgoyMDI1MDMzMC4wIKXMDSoASAFQAw%3D%3D",Ti·∫øn Tr∆∞∆°ng Minh,4.0,2025-03-18,"Delicious drinks, beautiful spacious space"
TRUNG_NGUY√äN_LEGEND_COFFEE,"441 L√™ VƒÉn Vi·ªát, TƒÉng Nh∆°n Ph√∫ A, Th·ªß ƒê·ª©c, H·ªì Ch√≠ Minh","https://www.google.com/maps/place/TRUNG+NGUY%C3%8AN+LEGEND+COFFEE/@10.8450625,106.7921129,17z/data=!4m6!3m5!1s0x3175270319494f6d:0x4037fc415fc0a84d!8m2!3d10.8450625!4d106.7921129!16s%2Fg%2F11fptzdxb8?authuser=0&hl=en&entry=ttu&g_ep=EgoyMDI1MDMzMC4wIKXMDSoASAFQAw%3D%3D",lisa quynhdiem,5.0,2025-04-01,"Every time I go to Trung Nguyen, I see something different. Today, they let the staff wear bandanas, the cups are black and white in style - +, but on the outside, black on the inside, the filter is black, the tea is black bean tea... They play music without lyrics, like meditation music!!! Even the tiny flower cup has positive words attached...it's true Tao. Uncle Vu skillfully integrates values!!! But I drink orange juice! Because I don't know how to drink coffee!!! Good !!!"
TRUNG_NGUY√äN_LEGEND_COFFEE,"441 L√™ VƒÉn Vi·ªát, TƒÉng Nh∆°n Ph√∫ A, Th·ªß ƒê·ª©c, H·ªì Ch√≠ Minh","https://www.google.com/maps/place/TRUNG+NGUY%C3%8AN+LEGEND+COFFEE/@10.8450625,106.7921129,17z/data=!4m6!3m5!1s0x3175270319494f6d:0x4037fc415fc0a84d!8m2!3d10.8450625!4d106.7921129!16s%2Fg%2F11fptzdxb8?authuser=0&hl=en&entry=ttu&g_ep=EgoyMDI1MDMzMC4wIKXMDSoASAFQAw%3D%3D",T√∫ Uy√™n Ho√†ng,5.0,2024-04-01,The shop has a car park and uses roasted soybean tea like the TN chain. Pretty okay!
TRUNG_NGUY√äN_LEGEND_COFFEE,"441 L√™ VƒÉn Vi·ªát, TƒÉng Nh∆°n Ph√∫ A, Th·ªß ƒê·ª©c, H·ªì Ch√≠ Minh","https://www.google.com/maps/place/TRUNG+NGUY%C3%8AN+LEGEND+COFFEE/@10.8450625,106.7921129,17z/data=!4m6!3m5!1s0x3175270319494f6d:0x4037fc415fc0a84d!8m2!3d10.8450625!4d106.7921129!16s%2Fg%2F11fptzdxb8?authuser=0&hl=en&entry=ttu&g_ep=EgoyMDI1MDMzMC4wIKXMDSoASAFQAw%3D%3D",Nguy·ªÖn Hi·ªÉn,1.0,2024-06-01,"Poor service quality, contempt for customers, especially the shop owner The restaurant is smelly and humid. The toilet is dirty The water is not delicious."
TRUNG_NGUY√äN_LEGEND_COFFEE,"441 L√™ VƒÉn Vi·ªát, TƒÉng Nh∆°n Ph√∫ A, Th·ªß ƒê·ª©c, H·ªì Ch√≠ Minh","https://www.google.com/maps/place/TRUNG+NGUY%C3%8AN+LEGEND+COFFEE/@10.8450625,106.7921129,17z/data=!4m6!3m5!1s0x3175270319494f6d:0x4037fc415fc0a84d!8m2!3d10.8450625!4d106.7921129!16s%2Fg%2F11fptzdxb8?authuser=0&hl=en&entry=ttu&g_ep=EgoyMDI1MDMzMC4wIKXMDSoASAFQAw%3D%3D",H·∫°nh Tr·∫ßn,4.0,2025-04-01,"Beautiful view, pleasant restaurant music, dedicated service staff."
TRUNG_NGUY√äN_LEGEND_COFFEE,"441 L√™ VƒÉn Vi·ªát, TƒÉng Nh∆°n Ph√∫ A, Th·ªß ƒê·ª©c, H·ªì Ch√≠ Minh","https://www.google.com/maps/place/TRUNG+NGUY%C3%8AN+LEGEND+COFFEE/@10.8450625,106.7921129,17z/data=!4m6!3m5!1s0x3175270319494f6d:0x4037fc415fc0a84d!8m2!3d10.8450625!4d106.7921129!16s%2Fg%2F11fptzdxb8?authuser=0&hl=en&entry=ttu&g_ep=EgoyMDI1MDMzMC4wIKXMDSoASAFQAw%3D%3D",Jacky James,4.0,2025-04-01,"Mother land coffee is also quite good, the service staff is good but the parking guard's attitude is not very good Thanks !"
TRUNG_NGUY√äN_LEGEND_COFFEE,"441 L√™ VƒÉn Vi·ªát, TƒÉng Nh∆°n Ph√∫ A, Th·ªß ƒê·ª©c, H·ªì Ch√≠ Minh","https://www.google.com/maps/place/TRUNG+NGUY%C3%8AN+LEGEND+COFFEE/@10.8450625,106.7921129,17z/data=!4m6!3m5!1s0x3175270319494f6d:0x4037fc415fc0a84d!8m2!3d10.8450625!4d106.7921129!16s%2Fg%2F11fptzdxb8?authuser=0&hl=en&entry=ttu&g_ep=EgoyMDI1MDMzMC4wIKXMDSoASAFQAw%3D%3D",Nam Tran,1.0,2024-06-01,This Trung Nguyen Cafe seems fake. Light white iced tea without any tea smell. Milk coffee is weak. 100 times worse than Trung Nguyen real.
TRUNG_NGUY√äN_LEGEND_COFFEE,"441 L√™ VƒÉn Vi·ªát, TƒÉng Nh∆°n Ph√∫ A, Th·ªß ƒê·ª©c, H·ªì Ch√≠ Minh","https://www.google.com/maps/place/TRUNG+NGUY%C3%8AN+LEGEND+COFFEE/@10.8450625,106.7921129,17z/data=!4m6!3m5!1s0x3175270319494f6d:0x4037fc415fc0a84d!8m2!3d10.8450625!4d106.7921129!16s%2Fg%2F11fptzdxb8?authuser=0&hl=en&entry=ttu&g_ep=EgoyMDI1MDMzMC4wIKXMDSoASAFQAw%3D%3D",HoangLan Tran,4.0,2025-04-01,"Call to pay 3 times and see payment. The shop has a cute security guard, the shop is cool, airy, and has a beautiful space!!!!"
TRUNG_NGUY√äN_LEGEND_COFFEE,"441 L√™ VƒÉn Vi·ªát, TƒÉng Nh∆°n Ph√∫ A, Th·ªß ƒê·ª©c, H·ªì Ch√≠ Minh","https://www.google.com/maps/place/TRUNG+NGUY%C3%8AN+LEGEND+COFFEE/@10.8450625,106.7921129,17z/data=!4m6!3m5!1s0x3175270319494f6d:0x4037fc415fc0a84d!8m2!3d10.8450625!4d106.7921129!16s%2Fg%2F11fptzdxb8?authuser=0&hl=en&entry=ttu&g_ep=EgoyMDI1MDMzMC4wIKXMDSoASAFQAw%3D%3D",Khanh Tran,4.0,2024-04-01,"Open space, Quiet, Delicious Drinks."
TRUNG_NGUY√äN_LEGEND_COFFEE,"441 L√™ VƒÉn Vi·ªát, TƒÉng Nh∆°n Ph√∫ A, Th·ªß ƒê·ª©c, H·ªì Ch√≠ Minh","https://www.google.com/maps/place/TRUNG+NGUY%C3%8AN+LEGEND+COFFEE/@10.8450625,106.7921129,17z/data=!4m6!3m5!1s0x3175270319494f6d:0x4037fc415fc0a84d!8m2!3d10.8450625!4d106.7921129!16s%2Fg%2F11fptzdxb8?authuser=0&hl=en&entry=ttu&g_ep=EgoyMDI1MDMzMC4wIKXMDSoASAFQAw%3D%3D",ƒê·∫≠u Ng√¥,5.0,2024-04-01,"Delicious coffee, friendly staff. But this is a franchise shop, so please be careful not to get confused!"
TRUNG_NGUY√äN_LEGEND_COFFEE,"441 L√™ VƒÉn Vi·ªát, TƒÉng Nh∆°n Ph√∫ A, Th·ªß ƒê·ª©c, H·ªì Ch√≠ Minh","https://www.google.com/maps/place/TRUNG+NGUY%C3%8AN+LEGEND+COFFEE/@10.8450625,106.7921129,17z/data=!4m6!3m5!1s0x3175270319494f6d:0x4037fc415fc0a84d!8m2!3d10.8450625!4d106.7921129!16s%2Fg%2F11fptzdxb8?authuser=0&hl=en&entry=ttu&g_ep=EgoyMDI1MDMzMC4wIKXMDSoASAFQAw%3D%3D",TI·∫æN PHONG ƒêINH,5.0,2025-03-04,There is rice and water. But it's a bit long
TRUNG_NGUY√äN_LEGEND_COFFEE,"441 L√™ VƒÉn Vi·ªát, TƒÉng Nh∆°n Ph√∫ A, Th·ªß ƒê·ª©c, H·ªì Ch√≠ Minh","https://www.google.com/maps/place/TRUNG+NGUY%C3%8AN+LEGEND+COFFEE/@10.8450625,106.7921129,17z/data=!4m6!3m5!1s0x3175270319494f6d:0x4037fc415fc0a84d!8m2!3d10.8450625!4d106.7921129!16s%2Fg%2F11fptzdxb8?authuser=0&hl=en&entry=ttu&g_ep=EgoyMDI1MDMzMC4wIKXMDSoASAFQAw%3D%3D",Chau Cao,1.0,2025-04-01,"Management should review the service staff in today's morning shift: 1. Joking loudly during work shifts 2. Each place will have regulations for staff to sit at the customer's table, but to a certain extent, they will sit sideways and talk to each other as if they were guests. 3. SPECIAL: A female employee prepares to serve a glass of water to the customer (once the glass has been mixed, you STAND OUTSIDE the mixing counter) uses the customer's tasting spoon and stirs it up. 4. Toilet is broken, there is dirty feces all over the floor but it doesn't turn into a broken toilet. Truly terrifying Before, everything was fine, but today the experience was extremely bad"
TRUNG_NGUY√äN_LEGEND_COFFEE,"441 L√™ VƒÉn Vi·ªát, TƒÉng Nh∆°n Ph√∫ A, Th·ªß ƒê·ª©c, H·ªì Ch√≠ Minh","https://www.google.com/maps/place/TRUNG+NGUY%C3%8AN+LEGEND+COFFEE/@10.8450625,106.7921129,17z/data=!4m6!3m5!1s0x3175270319494f6d:0x4037fc415fc0a84d!8m2!3d10.8450625!4d106.7921129!16s%2Fg%2F11fptzdxb8?authuser=0&hl=en&entry=ttu&g_ep=EgoyMDI1MDMzMC4wIKXMDSoASAFQAw%3D%3D",V√¢n Anh Ho√†ng,1.0,2024-04-01,"Today, the staff introduced a new dish. They said it was nma milk coffee with a layer of cream added to it. It sounded delicious so I ordered it. Who would have thought it was ginger coffee, but I don't like ginger so I skipped the whole cup. Luckily, I just don't like ginger. Wouldn't it be affected if someone who is allergic to ginger drinks it? ATTENTION TO REVIEW THIS PROBLEM!  A large coffee chain that allows this kind of incident to happen!"
TRUNG_NGUY√äN_LEGEND_COFFEE,"441 L√™ VƒÉn Vi·ªát, TƒÉng Nh∆°n Ph√∫ A, Th·ªß ƒê·ª©c, H·ªì Ch√≠ Minh","https://www.google.com/maps/place/TRUNG+NGUY%C3%8AN+LEGEND+COFFEE/@10.8450625,106.7921129,17z/data=!4m6!3m5!1s0x3175270319494f6d:0x4037fc415fc0a84d!8m2!3d10.8450625!4d106.7921129!16s%2Fg%2F11fptzdxb8?authuser=0&hl=en&entry=ttu&g_ep=EgoyMDI1MDMzMC4wIKXMDSoASAFQAw%3D%3D",nam nh·∫≠t,5.0,2024-04-01,"The restaurant space is ok. Enthusiastic and sociable staff. As a drink, I only drink coffee so I find the coffee at the shop to be normal with no differences. I don't dare comment on other drinks"
TRUNG_NGUY√äN_LEGEND_COFFEE,"441 L√™ VƒÉn Vi·ªát, TƒÉng Nh∆°n Ph√∫ A, Th·ªß ƒê·ª©c, H·ªì Ch√≠ Minh","https://www.google.com/maps/place/TRUNG+NGUY%C3%8AN+LEGEND+COFFEE/@10.8450625,106.7921129,17z/data=!4m6!3m5!1s0x3175270319494f6d:0x4037fc415fc0a84d!8m2!3d10.8450625!4d106.7921129!16s%2Fg%2F11fptzdxb8?authuser=0&hl=en&entry=ttu&g_ep=EgoyMDI1MDMzMC4wIKXMDSoASAFQAw%3D%3D",tuong van nguyen thi,5.0,2024-04-01,Cf and delicious food. Open and quiet space. The tea served is very fragrant and pleasant.
TRUNG_NGUY√äN_LEGEND_COFFEE,"441 L√™ VƒÉn Vi·ªát, TƒÉng Nh∆°n Ph√∫ A, Th·ªß ƒê·ª©c, H·ªì Ch√≠ Minh","https://www.google.com/maps/place/TRUNG+NGUY%C3%8AN+LEGEND+COFFEE/@10.8450625,106.7921129,17z/data=!4m6!3m5!1s0x3175270319494f6d:0x4037fc415fc0a84d!8m2!3d10.8450625!4d106.7921129!16s%2Fg%2F11fptzdxb8?authuser=0&hl=en&entry=ttu&g_ep=EgoyMDI1MDMzMC4wIKXMDSoASAFQAw%3D%3D",Nguyen Lam Vinh,3.0,2025-04-01,"The shop is not beautiful, the design of the shop is like patched patches, old but not nostalgic, old in a way that hasn't been cleaned in a long time so it's quite dirty. The restaurant staff's service is okay, but not good. Called the bill for the nth time before coming to pay. The price is quite expensive compared to the quality"
TRUNG_NGUY√äN_LEGEND_COFFEE,"441 L√™ VƒÉn Vi·ªát, TƒÉng Nh∆°n Ph√∫ A, Th·ªß ƒê·ª©c, H·ªì Ch√≠ Minh","https://www.google.com/maps/place/TRUNG+NGUY%C3%8AN+LEGEND+COFFEE/@10.8450625,106.7921129,17z/data=!4m6!3m5!1s0x3175270319494f6d:0x4037fc415fc0a84d!8m2!3d10.8450625!4d106.7921129!16s%2Fg%2F11fptzdxb8?authuser=0&hl=en&entry=ttu&g_ep=EgoyMDI1MDMzMC4wIKXMDSoASAFQAw%3D%3D",H∆∞ng R√®o,5.0,2025-04-01,"The shop space is spacious, suitable for working, the best coffee is Thanh Cong Sua Da, enthusiastic service, a good experience."
TRUNG_NGUY√äN_LEGEND_COFFEE,"441 L√™ VƒÉn Vi·ªát, TƒÉng Nh∆°n Ph√∫ A, Th·ªß ƒê·ª©c, H·ªì Ch√≠ Minh","https://www.google.com/maps/place/TRUNG+NGUY%C3%8AN+LEGEND+COFFEE/@10.8450625,106.7921129,17z/data=!4m6!3m5!1s0x3175270319494f6d:0x4037fc415fc0a84d!8m2!3d10.8450625!4d106.7921129!16s%2Fg%2F11fptzdxb8?authuser=0&hl=en&entry=ttu&g_ep=EgoyMDI1MDMzMC4wIKXMDSoASAFQAw%3D%3D",T√¢y L√™,5.0,2025-04-01,"Very delicious cafe, airy space!"
TRUNG_NGUY√äN_LEGEND_COFFEE,"441 L√™ VƒÉn Vi·ªát, TƒÉng Nh∆°n Ph√∫ A, Th·ªß ƒê·ª©c, H·ªì Ch√≠ Minh","https://www.google.com/maps/place/TRUNG+NGUY%C3%8AN+LEGEND+COFFEE/@10.8450625,106.7921129,17z/data=!4m6!3m5!1s0x3175270319494f6d:0x4037fc415fc0a84d!8m2!3d10.8450625!4d106.7921129!16s%2Fg%2F11fptzdxb8?authuser=0&hl=en&entry=ttu&g_ep=EgoyMDI1MDMzMC4wIKXMDSoASAFQAw%3D%3D",tran thai,1.0,2025-04-01,"The cashier mixed the drink rudely, the customer asked and answered angrily, the advice was not clear, the customer spoke in groups of 5 or 7, pointed and laughed. Too uneducated, a branded cafe with such bad staff"
TRUNG_NGUY√äN_LEGEND_COFFEE,"441 L√™ VƒÉn Vi·ªát, TƒÉng Nh∆°n Ph√∫ A, Th·ªß ƒê·ª©c, H·ªì Ch√≠ Minh","https://www.google.com/maps/place/TRUNG+NGUY%C3%8AN+LEGEND+COFFEE/@10.8450625,106.7921129,17z/data=!4m6!3m5!1s0x3175270319494f6d:0x4037fc415fc0a84d!8m2!3d10.8450625!4d106.7921129!16s%2Fg%2F11fptzdxb8?authuser=0&hl=en&entry=ttu&g_ep=EgoyMDI1MDMzMC4wIKXMDSoASAFQAw%3D%3D",T N,5.0,2025-02-01,"Good, friendly staff"
TRUNG_NGUY√äN_LEGEND_COFFEE,"441 L√™ VƒÉn Vi·ªát, TƒÉng Nh∆°n Ph√∫ A, Th·ªß ƒê·ª©c, H·ªì Ch√≠ Minh","https://www.google.com/maps/place/TRUNG+NGUY%C3%8AN+LEGEND+COFFEE/@10.8450625,106.7921129,17z/data=!4m6!3m5!1s0x3175270319494f6d:0x4037fc415fc0a84d!8m2!3d10.8450625!4d106.7921129!16s%2Fg%2F11fptzdxb8?authuser=0&hl=en&entry=ttu&g_ep=EgoyMDI1MDMzMC4wIKXMDSoASAFQAw%3D%3D",Ng·ªçc Nguy√™n,1.0,2025-04-01,"Wearing the Trung Nguyen brand and asking about preferential policies, the person said this is a franchise store changed to a private owner, so the policies of the TN legend store chain do not apply. Disappointed and feeling unreasonable. Turn away and never come back"
TRUNG_NGUY√äN_LEGEND_COFFEE,"441 L√™ VƒÉn Vi·ªát, TƒÉng Nh∆°n Ph√∫ A, Th·ªß ƒê·ª©c, H·ªì Ch√≠ Minh","https://www.google.com/maps/place/TRUNG+NGUY%C3%8AN+LEGEND+COFFEE/@10.8450625,106.7921129,17z/data=!4m6!3m5!1s0x3175270319494f6d:0x4037fc415fc0a84d!8m2!3d10.8450625!4d106.7921129!16s%2Fg%2F11fptzdxb8?authuser=0&hl=en&entry=ttu&g_ep=EgoyMDI1MDMzMC4wIKXMDSoASAFQAw%3D%3D",THOA BUI,5.0,2025-04-01,"Airy space, delicious coffee"
TRUNG_NGUY√äN_LEGEND_COFFEE,"441 L√™ VƒÉn Vi·ªát, TƒÉng Nh∆°n Ph√∫ A, Th·ªß ƒê·ª©c, H·ªì Ch√≠ Minh","https://www.google.com/maps/place/TRUNG+NGUY%C3%8AN+LEGEND+COFFEE/@10.8450625,106.7921129,17z/data=!4m6!3m5!1s0x3175270319494f6d:0x4037fc415fc0a84d!8m2!3d10.8450625!4d106.7921129!16s%2Fg%2F11fptzdxb8?authuser=0&hl=en&entry=ttu&g_ep=EgoyMDI1MDMzMC4wIKXMDSoASAFQAw%3D%3D",Nguyen Ngoc Huy (Huynn),4.0,2025-04-01,The restaurant has a beautiful view and enthusiastic service. Delicious and high quality drinking water. The shop uses their signature roasted bean sweet soup instead of regular iced tea. The tables and chairs are simple but not lacking in luxury. Service style: order and pay at the table.
TRUNG_NGUY√äN_LEGEND_COFFEE,"441 L√™ VƒÉn Vi·ªát, TƒÉng Nh∆°n Ph√∫ A, Th·ªß ƒê·ª©c, H·ªì Ch√≠ Minh","https://www.google.com/maps/place/TRUNG+NGUY%C3%8AN+LEGEND+COFFEE/@10.8450625,106.7921129,17z/data=!4m6!3m5!1s0x3175270319494f6d:0x4037fc415fc0a84d!8m2!3d10.8450625!4d106.7921129!16s%2Fg%2F11fptzdxb8?authuser=0&hl=en&entry=ttu&g_ep=EgoyMDI1MDMzMC4wIKXMDSoASAFQAw%3D%3D",TNT DAT,5.0,2025-04-01,"Trung Nguyen restaurant is off the table. Quality. Because the price is a bit high in the central area, there are not many customers. Suitable for anyone who enjoys cf or cv table"
TRUNG_NGUY√äN_LEGEND_COFFEE,"441 L√™ VƒÉn Vi·ªát, TƒÉng Nh∆°n Ph√∫ A, Th·ªß ƒê·ª©c, H·ªì Ch√≠ Minh","https://www.google.com/maps/place/TRUNG+NGUY%C3%8AN+LEGEND+COFFEE/@10.8450625,106.7921129,17z/data=!4m6!3m5!1s0x3175270319494f6d:0x4037fc415fc0a84d!8m2!3d10.8450625!4d106.7921129!16s%2Fg%2F11fptzdxb8?authuser=0&hl=en&entry=ttu&g_ep=EgoyMDI1MDMzMC4wIKXMDSoASAFQAw%3D%3D",L√Ω D∆∞∆°ng,5.0,2025-04-01,"Drinks are ok, staff are enthusiastic and attentive"
TRUNG_NGUY√äN_LEGEND_COFFEE,"441 L√™ VƒÉn Vi·ªát, TƒÉng Nh∆°n Ph√∫ A, Th·ªß ƒê·ª©c, H·ªì Ch√≠ Minh","https://www.google.com/maps/place/TRUNG+NGUY%C3%8AN+LEGEND+COFFEE/@10.8450625,106.7921129,17z/data=!4m6!3m5!1s0x3175270319494f6d:0x4037fc415fc0a84d!8m2!3d10.8450625!4d106.7921129!16s%2Fg%2F11fptzdxb8?authuser=0&hl=en&entry=ttu&g_ep=EgoyMDI1MDMzMC4wIKXMDSoASAFQAw%3D%3D",Phan Ng·ªçc Thu Huy·ªÅn,5.0,2025-04-01,"The cafe is spacious, airy, suitable for working, the staff is enthusiastic and cute, and will support you for a long time"
TRUNG_NGUY√äN_LEGEND_COFFEE,"441 L√™ VƒÉn Vi·ªát, TƒÉng Nh∆°n Ph√∫ A, Th·ªß ƒê·ª©c, H·ªì Ch√≠ Minh","https://www.google.com/maps/place/TRUNG+NGUY%C3%8AN+LEGEND+COFFEE/@10.8450625,106.7921129,17z/data=!4m6!3m5!1s0x3175270319494f6d:0x4037fc415fc0a84d!8m2!3d10.8450625!4d106.7921129!16s%2Fg%2F11fptzdxb8?authuser=0&hl=en&entry=ttu&g_ep=EgoyMDI1MDMzMC4wIKXMDSoASAFQAw%3D%3D",Xu√¢n T√∫,3.0,2024-04-01,"I was very satisfied when I came here to enjoy coffee, but I was not very satisfied when I had lunch here, the quality was not in harmony with the price."
TRUNG_NGUY√äN_LEGEND_COFFEE,"441 L√™ VƒÉn Vi·ªát, TƒÉng Nh∆°n Ph√∫ A, Th·ªß ƒê·ª©c, H·ªì Ch√≠ Minh","https://www.google.com/maps/place/TRUNG+NGUY%C3%8AN+LEGEND+COFFEE/@10.8450625,106.7921129,17z/data=!4m6!3m5!1s0x3175270319494f6d:0x4037fc415fc0a84d!8m2!3d10.8450625!4d106.7921129!16s%2Fg%2F11fptzdxb8?authuser=0&hl=en&entry=ttu&g_ep=EgoyMDI1MDMzMC4wIKXMDSoASAFQAw%3D%3D",Hi·∫øu Hu·ª≥nh,4.0,2025-04-01,"Everything is fine except that the waiter serving the water is quite indifferent, placing the water on the table but not giving it back to each person but letting the guests take it themselves."
TRUNG_NGUY√äN_LEGEND_COFFEE,"441 L√™ VƒÉn Vi·ªát, TƒÉng Nh∆°n Ph√∫ A, Th·ªß ƒê·ª©c, H·ªì Ch√≠ Minh","https://www.google.com/maps/place/TRUNG+NGUY%C3%8AN+LEGEND+COFFEE/@10.8450625,106.7921129,17z/data=!4m6!3m5!1s0x3175270319494f6d:0x4037fc415fc0a84d!8m2!3d10.8450625!4d106.7921129!16s%2Fg%2F11fptzdxb8?authuser=0&hl=en&entry=ttu&g_ep=EgoyMDI1MDMzMC4wIKXMDSoASAFQAw%3D%3D",Steven Huang,1.0,2025-04-01,"Too bad, the first time and the last time, 1 cup of iced milk coffee, 1 cup of yogurt cost 105k, 2:30 noon in the sun, I went to the cold area and the staff kicked me out, saying the owner had blocked the table, I asked and said when they needed it, I only sat for 1 hour, the guy checked again and the owner only needed it at 5:00, in general the staff didn't know anything, it's best not to go again üòá"
TRUNG_NGUY√äN_LEGEND_COFFEE,"441 L√™ VƒÉn Vi·ªát, TƒÉng Nh∆°n Ph√∫ A, Th·ªß ƒê·ª©c, H·ªì Ch√≠ Minh","https://www.google.com/maps/place/TRUNG+NGUY%C3%8AN+LEGEND+COFFEE/@10.8450625,106.7921129,17z/data=!4m6!3m5!1s0x3175270319494f6d:0x4037fc415fc0a84d!8m2!3d10.8450625!4d106.7921129!16s%2Fg%2F11fptzdxb8?authuser=0&hl=en&entry=ttu&g_ep=EgoyMDI1MDMzMC4wIKXMDSoASAFQAw%3D%3D",Ng·ªçc h√† Mai,5.0,2025-04-01,"Delicious drinks, large, quiet space suitable for working, especially very enthusiastic staff"
TRUNG_NGUY√äN_LEGEND_COFFEE,"441 L√™ VƒÉn Vi·ªát, TƒÉng Nh∆°n Ph√∫ A, Th·ªß ƒê·ª©c, H·ªì Ch√≠ Minh","https://www.google.com/maps/place/TRUNG+NGUY%C3%8AN+LEGEND+COFFEE/@10.8450625,106.7921129,17z/data=!4m6!3m5!1s0x3175270319494f6d:0x4037fc415fc0a84d!8m2!3d10.8450625!4d106.7921129!16s%2Fg%2F11fptzdxb8?authuser=0&hl=en&entry=ttu&g_ep=EgoyMDI1MDMzMC4wIKXMDSoASAFQAw%3D%3D",Thanh Phong Ng√¥,5.0,2025-04-01,Location near District 9 hospital. Restaurant is quite ok. Because the premises are a very beautiful building. Open space. Coffee is very good. Great staff clothing style. Because I like the bandana. Regular tea water can be replaced with bean water. Drinking strangely increases the taste when enjoying coffee
TRUNG_NGUY√äN_LEGEND_COFFEE,"441 L√™ VƒÉn Vi·ªát, TƒÉng Nh∆°n Ph√∫ A, Th·ªß ƒê·ª©c, H·ªì Ch√≠ Minh","https://www.google.com/maps/place/TRUNG+NGUY%C3%8AN+LEGEND+COFFEE/@10.8450625,106.7921129,17z/data=!4m6!3m5!1s0x3175270319494f6d:0x4037fc415fc0a84d!8m2!3d10.8450625!4d106.7921129!16s%2Fg%2F11fptzdxb8?authuser=0&hl=en&entry=ttu&g_ep=EgoyMDI1MDMzMC4wIKXMDSoASAFQAw%3D%3D",Tran Duc Thanh,5.0,2024-04-01,"The shop has air-conditioned rooms, reasonable prices, suitable for group chatting and computer work"
TRUNG_NGUY√äN_LEGEND_COFFEE,"441 L√™ VƒÉn Vi·ªát, TƒÉng Nh∆°n Ph√∫ A, Th·ªß ƒê·ª©c, H·ªì Ch√≠ Minh","https://www.google.com/maps/place/TRUNG+NGUY%C3%8AN+LEGEND+COFFEE/@10.8450625,106.7921129,17z/data=!4m6!3m5!1s0x3175270319494f6d:0x4037fc415fc0a84d!8m2!3d10.8450625!4d106.7921129!16s%2Fg%2F11fptzdxb8?authuser=0&hl=en&entry=ttu&g_ep=EgoyMDI1MDMzMC4wIKXMDSoASAFQAw%3D%3D",Vƒ© Tr·ªãnh,1.0,2025-04-01,"He keeps the car like a grandfather, pointing at him and telling him to arrange the car neatly like this and that. I don't know how luxurious and good it is inside, but when I got to the door, I immediately turned around and left"
TRUNG_NGUY√äN_LEGEND_COFFEE,"441 L√™ VƒÉn Vi·ªát, TƒÉng Nh∆°n Ph√∫ A, Th·ªß ƒê·ª©c, H·ªì Ch√≠ Minh","https://www.google.com/maps/place/TRUNG+NGUY%C3%8AN+LEGEND+COFFEE/@10.8450625,106.7921129,17z/data=!4m6!3m5!1s0x3175270319494f6d:0x4037fc415fc0a84d!8m2!3d10.8450625!4d106.7921129!16s%2Fg%2F11fptzdxb8?authuser=0&hl=en&entry=ttu&g_ep=EgoyMDI1MDMzMC4wIKXMDSoASAFQAw%3D%3D",sanh ly phuoc,1.0,2025-04-01,Very disappointed with the service of Trung Nguyen momo staff who offered a 45k discount but the staff did not accept payment.
TRUNG_NGUY√äN_LEGEND_COFFEE,"441 L√™ VƒÉn Vi·ªát, TƒÉng Nh∆°n Ph√∫ A, Th·ªß ƒê·ª©c, H·ªì Ch√≠ Minh","https://www.google.com/maps/place/TRUNG+NGUY%C3%8AN+LEGEND+COFFEE/@10.8450625,106.7921129,17z/data=!4m6!3m5!1s0x3175270319494f6d:0x4037fc415fc0a84d!8m2!3d10.8450625!4d106.7921129!16s%2Fg%2F11fptzdxb8?authuser=0&hl=en&entry=ttu&g_ep=EgoyMDI1MDMzMC4wIKXMDSoASAFQAw%3D%3D",Long H√≤a Nguy·ªÖn,4.0,2024-04-01,"Office rice cafe, lunch has clay pot rice, dry pho, convenient to receive guests and partners."
TRUNG_NGUY√äN_LEGEND_COFFEE,"441 L√™ VƒÉn Vi·ªát, TƒÉng Nh∆°n Ph√∫ A, Th·ªß ƒê·ª©c, H·ªì Ch√≠ Minh","https://www.google.com/maps/place/TRUNG+NGUY%C3%8AN+LEGEND+COFFEE/@10.8450625,106.7921129,17z/data=!4m6!3m5!1s0x3175270319494f6d:0x4037fc415fc0a84d!8m2!3d10.8450625!4d106.7921129!16s%2Fg%2F11fptzdxb8?authuser=0&hl=en&entry=ttu&g_ep=EgoyMDI1MDMzMC4wIKXMDSoASAFQAw%3D%3D",Nguy·ªÖn Minh ƒêo√†n,5.0,2025-04-01,Overall pretty good
TRUNG_NGUY√äN_LEGEND_COFFEE,"441 L√™ VƒÉn Vi·ªát, TƒÉng Nh∆°n Ph√∫ A, Th·ªß ƒê·ª©c, H·ªì Ch√≠ Minh","https://www.google.com/maps/place/TRUNG+NGUY%C3%8AN+LEGEND+COFFEE/@10.8450625,106.7921129,17z/data=!4m6!3m5!1s0x3175270319494f6d:0x4037fc415fc0a84d!8m2!3d10.8450625!4d106.7921129!16s%2Fg%2F11fptzdxb8?authuser=0&hl=en&entry=ttu&g_ep=EgoyMDI1MDMzMC4wIKXMDSoASAFQAw%3D%3D",Nguyen Huy Hoang,5.0,2025-04-01,"Beautiful space, suitable for meeting friends and working. Coffee drinks are diverse and delicious"
TRUNG_NGUY√äN_LEGEND_COFFEE,"441 L√™ VƒÉn Vi·ªát, TƒÉng Nh∆°n Ph√∫ A, Th·ªß ƒê·ª©c, H·ªì Ch√≠ Minh","https://www.google.com/maps/place/TRUNG+NGUY%C3%8AN+LEGEND+COFFEE/@10.8450625,106.7921129,17z/data=!4m6!3m5!1s0x3175270319494f6d:0x4037fc415fc0a84d!8m2!3d10.8450625!4d106.7921129!16s%2Fg%2F11fptzdxb8?authuser=0&hl=en&entry=ttu&g_ep=EgoyMDI1MDMzMC4wIKXMDSoASAFQAw%3D%3D",Khanh Linh Trinh,3.0,2025-04-01,"The coffee is very good, but the broken rice I ate here was very bad. The price is a bit expensive but at an acceptable level."
TRUNG_NGUY√äN_LEGEND_COFFEE,"441 L√™ VƒÉn Vi·ªát, TƒÉng Nh∆°n Ph√∫ A, Th·ªß ƒê·ª©c, H·ªì Ch√≠ Minh","https://www.google.com/maps/place/TRUNG+NGUY%C3%8AN+LEGEND+COFFEE/@10.8450625,106.7921129,17z/data=!4m6!3m5!1s0x3175270319494f6d:0x4037fc415fc0a84d!8m2!3d10.8450625!4d106.7921129!16s%2Fg%2F11fptzdxb8?authuser=0&hl=en&entry=ttu&g_ep=EgoyMDI1MDMzMC4wIKXMDSoASAFQAw%3D%3D",Vu Hoang Anh,4.0,2024-04-01,I really like going to the cafes of this chain. Delicious and flavorful coffee.
TRUNG_NGUY√äN_LEGEND_COFFEE,"441 L√™ VƒÉn Vi·ªát, TƒÉng Nh∆°n Ph√∫ A, Th·ªß ƒê·ª©c, H·ªì Ch√≠ Minh","https://www.google.com/maps/place/TRUNG+NGUY%C3%8AN+LEGEND+COFFEE/@10.8450625,106.7921129,17z/data=!4m6!3m5!1s0x3175270319494f6d:0x4037fc415fc0a84d!8m2!3d10.8450625!4d106.7921129!16s%2Fg%2F11fptzdxb8?authuser=0&hl=en&entry=ttu&g_ep=EgoyMDI1MDMzMC4wIKXMDSoASAFQAw%3D%3D",sy hai Dao,4.0,2024-08-01,"Small, lovely street corner. Good coffee."
TRUNG_NGUY√äN_LEGEND_COFFEE,"441 L√™ VƒÉn Vi·ªát, TƒÉng Nh∆°n Ph√∫ A, Th·ªß ƒê·ª©c, H·ªì Ch√≠ Minh","https://www.google.com/maps/place/TRUNG+NGUY%C3%8AN+LEGEND+COFFEE/@10.8450625,106.7921129,17z/data=!4m6!3m5!1s0x3175270319494f6d:0x4037fc415fc0a84d!8m2!3d10.8450625!4d106.7921129!16s%2Fg%2F11fptzdxb8?authuser=0&hl=en&entry=ttu&g_ep=EgoyMDI1MDMzMC4wIKXMDSoASAFQAw%3D%3D",Nguyen Quan,1.0,2025-04-01,"The staff is beautiful, the service is ok, but the chapter for members and Vochers was developed by Trung Nguyen himself. This means that no members are allowed into the official cafe."
TRUNG_NGUY√äN_LEGEND_COFFEE,"441 L√™ VƒÉn Vi·ªát, TƒÉng Nh∆°n Ph√∫ A, Th·ªß ƒê·ª©c, H·ªì Ch√≠ Minh","https://www.google.com/maps/place/TRUNG+NGUY%C3%8AN+LEGEND+COFFEE/@10.8450625,106.7921129,17z/data=!4m6!3m5!1s0x3175270319494f6d:0x4037fc415fc0a84d!8m2!3d10.8450625!4d106.7921129!16s%2Fg%2F11fptzdxb8?authuser=0&hl=en&entry=ttu&g_ep=EgoyMDI1MDMzMC4wIKXMDSoASAFQAw%3D%3D",Nguy·ªÖn Ch√≠ Th√†nh,5.0,2025-04-01,"This is the plateau, not the Central Highlands. The price should be 2 lenghts, no need to carry sandals. I heard the coffee is good. Come in and drink coconut üòÇüòÇüòÇ ‚Ä¶"
TRUNG_NGUY√äN_LEGEND_COFFEE,"441 L√™ VƒÉn Vi·ªát, TƒÉng Nh∆°n Ph√∫ A, Th·ªß ƒê·ª©c, H·ªì Ch√≠ Minh","https://www.google.com/maps/place/TRUNG+NGUY%C3%8AN+LEGEND+COFFEE/@10.8450625,106.7921129,17z/data=!4m6!3m5!1s0x3175270319494f6d:0x4037fc415fc0a84d!8m2!3d10.8450625!4d106.7921129!16s%2Fg%2F11fptzdxb8?authuser=0&hl=en&entry=ttu&g_ep=EgoyMDI1MDMzMC4wIKXMDSoASAFQAw%3D%3D",Saigon GreenTravel,5.0,2025-04-01,"Attentive service. Airy space, play area for children, delicious drinks."
TRUNG_NGUY√äN_LEGEND_COFFEE,"441 L√™ VƒÉn Vi·ªát, TƒÉng Nh∆°n Ph√∫ A, Th·ªß ƒê·ª©c, H·ªì Ch√≠ Minh","https://www.google.com/maps/place/TRUNG+NGUY%C3%8AN+LEGEND+COFFEE/@10.8450625,106.7921129,17z/data=!4m6!3m5!1s0x3175270319494f6d:0x4037fc415fc0a84d!8m2!3d10.8450625!4d106.7921129!16s%2Fg%2F11fptzdxb8?authuser=0&hl=en&entry=ttu&g_ep=EgoyMDI1MDMzMC4wIKXMDSoASAFQAw%3D%3D",Nam Nguyen Thanh,5.0,2025-04-01,"Spacious space, beautiful view, staff need to pay attention to serve more attentively."
TRUNG_NGUY√äN_LEGEND_COFFEE,"441 L√™ VƒÉn Vi·ªát, TƒÉng Nh∆°n Ph√∫ A, Th·ªß ƒê·ª©c, H·ªì Ch√≠ Minh","https://www.google.com/maps/place/TRUNG+NGUY%C3%8AN+LEGEND+COFFEE/@10.8450625,106.7921129,17z/data=!4m6!3m5!1s0x3175270319494f6d:0x4037fc415fc0a84d!8m2!3d10.8450625!4d106.7921129!16s%2Fg%2F11fptzdxb8?authuser=0&hl=en&entry=ttu&g_ep=EgoyMDI1MDMzMC4wIKXMDSoASAFQAw%3D%3D",V≈© B·ªôi,5.0,2025-04-01,"See you here in nyc, quite happy to give 5 stars"
TRUNG_NGUY√äN_LEGEND_COFFEE,"441 L√™ VƒÉn Vi·ªát, TƒÉng Nh∆°n Ph√∫ A, Th·ªß ƒê·ª©c, H·ªì Ch√≠ Minh","https://www.google.com/maps/place/TRUNG+NGUY%C3%8AN+LEGEND+COFFEE/@10.8450625,106.7921129,17z/data=!4m6!3m5!1s0x3175270319494f6d:0x4037fc415fc0a84d!8m2!3d10.8450625!4d106.7921129!16s%2Fg%2F11fptzdxb8?authuser=0&hl=en&entry=ttu&g_ep=EgoyMDI1MDMzMC4wIKXMDSoASAFQAw%3D%3D",S√≥i N√¢u,5.0,2025-04-01,"Cool space, delicious drinks. Price matches the brand."
TRUNG_NGUY√äN_LEGEND_COFFEE,"441 L√™ VƒÉn Vi·ªát, TƒÉng Nh∆°n Ph√∫ A, Th·ªß ƒê·ª©c, H·ªì Ch√≠ Minh","https://www.google.com/maps/place/TRUNG+NGUY%C3%8AN+LEGEND+COFFEE/@10.8450625,106.7921129,17z/data=!4m6!3m5!1s0x3175270319494f6d:0x4037fc415fc0a84d!8m2!3d10.8450625!4d106.7921129!16s%2Fg%2F11fptzdxb8?authuser=0&hl=en&entry=ttu&g_ep=EgoyMDI1MDMzMC4wIKXMDSoASAFQAw%3D%3D",T√ö BƒêS,3.0,2024-04-01,There is seating inside the air-conditioned house and outside on the patio. Cafe has many numbers to choose from
TRUNG_NGUY√äN_LEGEND_COFFEE,"441 L√™ VƒÉn Vi·ªát, TƒÉng Nh∆°n Ph√∫ A, Th·ªß ƒê·ª©c, H·ªì Ch√≠ Minh","https://www.google.com/maps/place/TRUNG+NGUY%C3%8AN+LEGEND+COFFEE/@10.8450625,106.7921129,17z/data=!4m6!3m5!1s0x3175270319494f6d:0x4037fc415fc0a84d!8m2!3d10.8450625!4d106.7921129!16s%2Fg%2F11fptzdxb8?authuser=0&hl=en&entry=ttu&g_ep=EgoyMDI1MDMzMC4wIKXMDSoASAFQAw%3D%3D",Ngan Hoa Phan,5.0,2025-04-01,"Nice location, airy restaurant, private space, reasonable prices."
TRUNG_NGUY√äN_LEGEND_COFFEE,"441 L√™ VƒÉn Vi·ªát, TƒÉng Nh∆°n Ph√∫ A, Th·ªß ƒê·ª©c, H·ªì Ch√≠ Minh","https://www.google.com/maps/place/TRUNG+NGUY%C3%8AN+LEGEND+COFFEE/@10.8450625,106.7921129,17z/data=!4m6!3m5!1s0x3175270319494f6d:0x4037fc415fc0a84d!8m2!3d10.8450625!4d106.7921129!16s%2Fg%2F11fptzdxb8?authuser=0&hl=en&entry=ttu&g_ep=EgoyMDI1MDMzMC4wIKXMDSoASAFQAw%3D%3D",Hai Nguyen,3.0,2025-04-01,"The staff is a bit slow, they can't order by machine so there's confusion between one table and another, the drinks are quite good and the prices are a bit high."
TRUNG_NGUY√äN_LEGEND_COFFEE,"441 L√™ VƒÉn Vi·ªát, TƒÉng Nh∆°n Ph√∫ A, Th·ªß ƒê·ª©c, H·ªì Ch√≠ Minh","https://www.google.com/maps/place/TRUNG+NGUY%C3%8AN+LEGEND+COFFEE/@10.8450625,106.7921129,17z/data=!4m6!3m5!1s0x3175270319494f6d:0x4037fc415fc0a84d!8m2!3d10.8450625!4d106.7921129!16s%2Fg%2F11fptzdxb8?authuser=0&hl=en&entry=ttu&g_ep=EgoyMDI1MDMzMC4wIKXMDSoASAFQAw%3D%3D",Hi·∫øu Nguy·ªÖn,4.0,2025-04-01,"Beautiful shop design, delicious coffee, quiet space"
TRUNG_NGUY√äN_LEGEND_COFFEE,"441 L√™ VƒÉn Vi·ªát, TƒÉng Nh∆°n Ph√∫ A, Th·ªß ƒê·ª©c, H·ªì Ch√≠ Minh","https://www.google.com/maps/place/TRUNG+NGUY%C3%8AN+LEGEND+COFFEE/@10.8450625,106.7921129,17z/data=!4m6!3m5!1s0x3175270319494f6d:0x4037fc415fc0a84d!8m2!3d10.8450625!4d106.7921129!16s%2Fg%2F11fptzdxb8?authuser=0&hl=en&entry=ttu&g_ep=EgoyMDI1MDMzMC4wIKXMDSoASAFQAw%3D%3D",Tuan Mai Quang,5.0,2025-04-01,"Delicious drinks, extremely enthusiastic service. Nothing can be criticized."
TRUNG_NGUY√äN_LEGEND_COFFEE,"441 L√™ VƒÉn Vi·ªát, TƒÉng Nh∆°n Ph√∫ A, Th·ªß ƒê·ª©c, H·ªì Ch√≠ Minh","https://www.google.com/maps/place/TRUNG+NGUY%C3%8AN+LEGEND+COFFEE/@10.8450625,106.7921129,17z/data=!4m6!3m5!1s0x3175270319494f6d:0x4037fc415fc0a84d!8m2!3d10.8450625!4d106.7921129!16s%2Fg%2F11fptzdxb8?authuser=0&hl=en&entry=ttu&g_ep=EgoyMDI1MDMzMC4wIKXMDSoASAFQAw%3D%3D",Duong Nguyen Tran Hoang,3.0,2024-04-01,The space is not very beautiful. There is an area for children to play
TRUNG_NGUY√äN_LEGEND_COFFEE,"441 L√™ VƒÉn Vi·ªát, TƒÉng Nh∆°n Ph√∫ A, Th·ªß ƒê·ª©c, H·ªì Ch√≠ Minh","https://www.google.com/maps/place/TRUNG+NGUY%C3%8AN+LEGEND+COFFEE/@10.8450625,106.7921129,17z/data=!4m6!3m5!1s0x3175270319494f6d:0x4037fc415fc0a84d!8m2!3d10.8450625!4d106.7921129!16s%2Fg%2F11fptzdxb8?authuser=0&hl=en&entry=ttu&g_ep=EgoyMDI1MDMzMC4wIKXMDSoASAFQAw%3D%3D",duong van tanh,4.0,2025-04-01,Cool - Price is a bit steep
TRUNG_NGUY√äN_LEGEND_COFFEE,"441 L√™ VƒÉn Vi·ªát, TƒÉng Nh∆°n Ph√∫ A, Th·ªß ƒê·ª©c, H·ªì Ch√≠ Minh","https://www.google.com/maps/place/TRUNG+NGUY%C3%8AN+LEGEND+COFFEE/@10.8450625,106.7921129,17z/data=!4m6!3m5!1s0x3175270319494f6d:0x4037fc415fc0a84d!8m2!3d10.8450625!4d106.7921129!16s%2Fg%2F11fptzdxb8?authuser=0&hl=en&entry=ttu&g_ep=EgoyMDI1MDMzMC4wIKXMDSoASAFQAw%3D%3D",Nguyen Trong Nghia,5.0,2024-04-01,Managers should not yell at staff when customers are there
TRUNG_NGUY√äN_LEGEND_COFFEE,"441 L√™ VƒÉn Vi·ªát, TƒÉng Nh∆°n Ph√∫ A, Th·ªß ƒê·ª©c, H·ªì Ch√≠ Minh","https://www.google.com/maps/place/TRUNG+NGUY%C3%8AN+LEGEND+COFFEE/@10.8450625,106.7921129,17z/data=!4m6!3m5!1s0x3175270319494f6d:0x4037fc415fc0a84d!8m2!3d10.8450625!4d106.7921129!16s%2Fg%2F11fptzdxb8?authuser=0&hl=en&entry=ttu&g_ep=EgoyMDI1MDMzMC4wIKXMDSoASAFQAw%3D%3D",Elvis Pham,4.0,2024-04-01,Low table. Sitting to study and work is not convenient
TRUNG_NGUY√äN_LEGEND_COFFEE,"441 L√™ VƒÉn Vi·ªát, TƒÉng Nh∆°n Ph√∫ A, Th·ªß ƒê·ª©c, H·ªì Ch√≠ Minh","https://www.google.com/maps/place/TRUNG+NGUY%C3%8AN+LEGEND+COFFEE/@10.8450625,106.7921129,17z/data=!4m6!3m5!1s0x3175270319494f6d:0x4037fc415fc0a84d!8m2!3d10.8450625!4d106.7921129!16s%2Fg%2F11fptzdxb8?authuser=0&hl=en&entry=ttu&g_ep=EgoyMDI1MDMzMC4wIKXMDSoASAFQAw%3D%3D",·∫§N THI√äN,5.0,2024-04-01,Ancient space Nostalgia brings us back to our childhood
TRUNG_NGUY√äN_LEGEND_COFFEE,"441 L√™ VƒÉn Vi·ªát, TƒÉng Nh∆°n Ph√∫ A, Th·ªß ƒê·ª©c, H·ªì Ch√≠ Minh","https://www.google.com/maps/place/TRUNG+NGUY%C3%8AN+LEGEND+COFFEE/@10.8450625,106.7921129,17z/data=!4m6!3m5!1s0x3175270319494f6d:0x4037fc415fc0a84d!8m2!3d10.8450625!4d106.7921129!16s%2Fg%2F11fptzdxb8?authuser=0&hl=en&entry=ttu&g_ep=EgoyMDI1MDMzMC4wIKXMDSoASAFQAw%3D%3D",Vo Truong Son,5.0,2025-04-01,"Nice restaurant, good location, lots of trees, delicious drinks"
TRUNG_NGUY√äN_LEGEND_COFFEE,"441 L√™ VƒÉn Vi·ªát, TƒÉng Nh∆°n Ph√∫ A, Th·ªß ƒê·ª©c, H·ªì Ch√≠ Minh","https://www.google.com/maps/place/TRUNG+NGUY%C3%8AN+LEGEND+COFFEE/@10.8450625,106.7921129,17z/data=!4m6!3m5!1s0x3175270319494f6d:0x4037fc415fc0a84d!8m2!3d10.8450625!4d106.7921129!16s%2Fg%2F11fptzdxb8?authuser=0&hl=en&entry=ttu&g_ep=EgoyMDI1MDMzMC4wIKXMDSoASAFQAw%3D%3D",hoang yen vo,5.0,2025-04-01,"Cafe doesn't need to say much, very wonderful, lovely staff."
TRUNG_NGUY√äN_LEGEND_COFFEE,"441 L√™ VƒÉn Vi·ªát, TƒÉng Nh∆°n Ph√∫ A, Th·ªß ƒê·ª©c, H·ªì Ch√≠ Minh","https://www.google.com/maps/place/TRUNG+NGUY%C3%8AN+LEGEND+COFFEE/@10.8450625,106.7921129,17z/data=!4m6!3m5!1s0x3175270319494f6d:0x4037fc415fc0a84d!8m2!3d10.8450625!4d106.7921129!16s%2Fg%2F11fptzdxb8?authuser=0&hl=en&entry=ttu&g_ep=EgoyMDI1MDMzMC4wIKXMDSoASAFQAw%3D%3D",van le,5.0,2025-04-01,"The restaurant is spacious, cool, and has enthusiastic staff"
TRUNG_NGUY√äN_LEGEND_COFFEE,"441 L√™ VƒÉn Vi·ªát, TƒÉng Nh∆°n Ph√∫ A, Th·ªß ƒê·ª©c, H·ªì Ch√≠ Minh","https://www.google.com/maps/place/TRUNG+NGUY%C3%8AN+LEGEND+COFFEE/@10.8450625,106.7921129,17z/data=!4m6!3m5!1s0x3175270319494f6d:0x4037fc415fc0a84d!8m2!3d10.8450625!4d106.7921129!16s%2Fg%2F11fptzdxb8?authuser=0&hl=en&entry=ttu&g_ep=EgoyMDI1MDMzMC4wIKXMDSoASAFQAw%3D%3D",PH∆Ø∆†NG TR·ªäNH V≈®,5.0,2025-04-01,"The restaurant is beautiful and luxurious, the food is also delicious"
TRUNG_NGUY√äN_LEGEND_COFFEE,"441 L√™ VƒÉn Vi·ªát, TƒÉng Nh∆°n Ph√∫ A, Th·ªß ƒê·ª©c, H·ªì Ch√≠ Minh","https://www.google.com/maps/place/TRUNG+NGUY%C3%8AN+LEGEND+COFFEE/@10.8450625,106.7921129,17z/data=!4m6!3m5!1s0x3175270319494f6d:0x4037fc415fc0a84d!8m2!3d10.8450625!4d106.7921129!16s%2Fg%2F11fptzdxb8?authuser=0&hl=en&entry=ttu&g_ep=EgoyMDI1MDMzMC4wIKXMDSoASAFQAw%3D%3D",Tr·∫ßn VƒÉn L√£m,5.0,2025-04-01,"Beautiful, relaxing, creative"
TRUNG_NGUY√äN_LEGEND_COFFEE,"441 L√™ VƒÉn Vi·ªát, TƒÉng Nh∆°n Ph√∫ A, Th·ªß ƒê·ª©c, H·ªì Ch√≠ Minh","https://www.google.com/maps/place/TRUNG+NGUY%C3%8AN+LEGEND+COFFEE/@10.8450625,106.7921129,17z/data=!4m6!3m5!1s0x3175270319494f6d:0x4037fc415fc0a84d!8m2!3d10.8450625!4d106.7921129!16s%2Fg%2F11fptzdxb8?authuser=0&hl=en&entry=ttu&g_ep=EgoyMDI1MDMzMC4wIKXMDSoASAFQAw%3D%3D",Nguyen Ngoc Duy,2.0,2025-04-01,"The coffee is delicious but the price is a bit steep at 50,000 for a cup of coffee‚òï"
TRUNG_NGUY√äN_LEGEND_COFFEE,"441 L√™ VƒÉn Vi·ªát, TƒÉng Nh∆°n Ph√∫ A, Th·ªß ƒê·ª©c, H·ªì Ch√≠ Minh","https://www.google.com/maps/place/TRUNG+NGUY%C3%8AN+LEGEND+COFFEE/@10.8450625,106.7921129,17z/data=!4m6!3m5!1s0x3175270319494f6d:0x4037fc415fc0a84d!8m2!3d10.8450625!4d106.7921129!16s%2Fg%2F11fptzdxb8?authuser=0&hl=en&entry=ttu&g_ep=EgoyMDI1MDMzMC4wIKXMDSoASAFQAw%3D%3D",Liem Thanh,4.0,2024-04-01,"Ordering drinks, the staff took a while to bring them out"
TRUNG_NGUY√äN_LEGEND_COFFEE,"441 L√™ VƒÉn Vi·ªát, TƒÉng Nh∆°n Ph√∫ A, Th·ªß ƒê·ª©c, H·ªì Ch√≠ Minh","https://www.google.com/maps/place/TRUNG+NGUY%C3%8AN+LEGEND+COFFEE/@10.8450625,106.7921129,17z/data=!4m6!3m5!1s0x3175270319494f6d:0x4037fc415fc0a84d!8m2!3d10.8450625!4d106.7921129!16s%2Fg%2F11fptzdxb8?authuser=0&hl=en&entry=ttu&g_ep=EgoyMDI1MDMzMC4wIKXMDSoASAFQAw%3D%3D",Nghia Nguyen,5.0,2025-04-01,"Beautiful space, polite and hospitable staff"
TRUNG_NGUY√äN_LEGEND_COFFEE,"441 L√™ VƒÉn Vi·ªát, TƒÉng Nh∆°n Ph√∫ A, Th·ªß ƒê·ª©c, H·ªì Ch√≠ Minh","https://www.google.com/maps/place/TRUNG+NGUY%C3%8AN+LEGEND+COFFEE/@10.8450625,106.7921129,17z/data=!4m6!3m5!1s0x3175270319494f6d:0x4037fc415fc0a84d!8m2!3d10.8450625!4d106.7921129!16s%2Fg%2F11fptzdxb8?authuser=0&hl=en&entry=ttu&g_ep=EgoyMDI1MDMzMC4wIKXMDSoASAFQAw%3D%3D",Tr·ª£ L√™,5.0,2025-04-01,"Delicious Coffee, Enthusiastic Service"
TRUNG_NGUY√äN_LEGEND_COFFEE,"441 L√™ VƒÉn Vi·ªát, TƒÉng Nh∆°n Ph√∫ A, Th·ªß ƒê·ª©c, H·ªì Ch√≠ Minh","https://www.google.com/maps/place/TRUNG+NGUY%C3%8AN+LEGEND+COFFEE/@10.8450625,106.7921129,17z/data=!4m6!3m5!1s0x3175270319494f6d:0x4037fc415fc0a84d!8m2!3d10.8450625!4d106.7921129!16s%2Fg%2F11fptzdxb8?authuser=0&hl=en&entry=ttu&g_ep=EgoyMDI1MDMzMC4wIKXMDSoASAFQAw%3D%3D",Phuc Pham Hong,3.0,2024-04-01,Do not use plastic cups like Highlands coffee.
TRUNG_NGUY√äN_LEGEND_COFFEE,"441 L√™ VƒÉn Vi·ªát, TƒÉng Nh∆°n Ph√∫ A, Th·ªß ƒê·ª©c, H·ªì Ch√≠ Minh","https://www.google.com/maps/place/TRUNG+NGUY%C3%8AN+LEGEND+COFFEE/@10.8450625,106.7921129,17z/data=!4m6!3m5!1s0x3175270319494f6d:0x4037fc415fc0a84d!8m2!3d10.8450625!4d106.7921129!16s%2Fg%2F11fptzdxb8?authuser=0&hl=en&entry=ttu&g_ep=EgoyMDI1MDMzMC4wIKXMDSoASAFQAw%3D%3D",Alek Chuong,5.0,2025-04-01,"Open, airy space Friendly staff"
TRUNG_NGUY√äN_LEGEND_COFFEE,"441 L√™ VƒÉn Vi·ªát, TƒÉng Nh∆°n Ph√∫ A, Th·ªß ƒê·ª©c, H·ªì Ch√≠ Minh","https://www.google.com/maps/place/TRUNG+NGUY%C3%8AN+LEGEND+COFFEE/@10.8450625,106.7921129,17z/data=!4m6!3m5!1s0x3175270319494f6d:0x4037fc415fc0a84d!8m2!3d10.8450625!4d106.7921129!16s%2Fg%2F11fptzdxb8?authuser=0&hl=en&entry=ttu&g_ep=EgoyMDI1MDMzMC4wIKXMDSoASAFQAw%3D%3D",Ngoc Loi,5.0,2025-04-01,Luxurious space suitable for working and desking.
TRUNG_NGUY√äN_LEGEND_COFFEE,"441 L√™ VƒÉn Vi·ªát, TƒÉng Nh∆°n Ph√∫ A, Th·ªß ƒê·ª©c, H·ªì Ch√≠ Minh","https://www.google.com/maps/place/TRUNG+NGUY%C3%8AN+LEGEND+COFFEE/@10.8450625,106.7921129,17z/data=!4m6!3m5!1s0x3175270319494f6d:0x4037fc415fc0a84d!8m2!3d10.8450625!4d106.7921129!16s%2Fg%2F11fptzdxb8?authuser=0&hl=en&entry=ttu&g_ep=EgoyMDI1MDMzMC4wIKXMDSoASAFQAw%3D%3D",Qu·ªëc H·ªçc,5.0,2025-04-01,"Airy space, serving beautiful children."
TRUNG_NGUY√äN_LEGEND_COFFEE,"441 L√™ VƒÉn Vi·ªát, TƒÉng Nh∆°n Ph√∫ A, Th·ªß ƒê·ª©c, H·ªì Ch√≠ Minh","https://www.google.com/maps/place/TRUNG+NGUY%C3%8AN+LEGEND+COFFEE/@10.8450625,106.7921129,17z/data=!4m6!3m5!1s0x3175270319494f6d:0x4037fc415fc0a84d!8m2!3d10.8450625!4d106.7921129!16s%2Fg%2F11fptzdxb8?authuser=0&hl=en&entry=ttu&g_ep=EgoyMDI1MDMzMC4wIKXMDSoASAFQAw%3D%3D",Nguy·ªÖn Nghƒ©a,3.0,2025-04-01,"New shop, no car parking"
TRUNG_NGUY√äN_LEGEND_COFFEE,"441 L√™ VƒÉn Vi·ªát, TƒÉng Nh∆°n Ph√∫ A, Th·ªß ƒê·ª©c, H·ªì Ch√≠ Minh","https://www.google.com/maps/place/TRUNG+NGUY%C3%8AN+LEGEND+COFFEE/@10.8450625,106.7921129,17z/data=!4m6!3m5!1s0x3175270319494f6d:0x4037fc415fc0a84d!8m2!3d10.8450625!4d106.7921129!16s%2Fg%2F11fptzdxb8?authuser=0&hl=en&entry=ttu&g_ep=EgoyMDI1MDMzMC4wIKXMDSoASAFQAw%3D%3D",LTD BESTHOUSE,1.0,2025-04-01,Service staff is too bad. Need to thoroughly improve staff
TRUNG_NGUY√äN_LEGEND_COFFEE,"441 L√™ VƒÉn Vi·ªát, TƒÉng Nh∆°n Ph√∫ A, Th·ªß ƒê·ª©c, H·ªì Ch√≠ Minh","https://www.google.com/maps/place/TRUNG+NGUY%C3%8AN+LEGEND+COFFEE/@10.8450625,106.7921129,17z/data=!4m6!3m5!1s0x3175270319494f6d:0x4037fc415fc0a84d!8m2!3d10.8450625!4d106.7921129!16s%2Fg%2F11fptzdxb8?authuser=0&hl=en&entry=ttu&g_ep=EgoyMDI1MDMzMC4wIKXMDSoASAFQAw%3D%3D",√Ånh Nguy·ªÖn Ng·ªçc,5.0,2024-04-01,Delicious coffee and cheerful staff
TRUNG_NGUY√äN_LEGEND_COFFEE,"441 L√™ VƒÉn Vi·ªát, TƒÉng Nh∆°n Ph√∫ A, Th·ªß ƒê·ª©c, H·ªì Ch√≠ Minh","https://www.google.com/maps/place/TRUNG+NGUY%C3%8AN+LEGEND+COFFEE/@10.8450625,106.7921129,17z/data=!4m6!3m5!1s0x3175270319494f6d:0x4037fc415fc0a84d!8m2!3d10.8450625!4d106.7921129!16s%2Fg%2F11fptzdxb8?authuser=0&hl=en&entry=ttu&g_ep=EgoyMDI1MDMzMC4wIKXMDSoASAFQAw%3D%3D",Tr·∫ßn Th√†nh,4.0,2025-04-01,"Delicious drinks, quite nice space"
TRUNG_NGUY√äN_LEGEND_COFFEE,"441 L√™ VƒÉn Vi·ªát, TƒÉng Nh∆°n Ph√∫ A, Th·ªß ƒê·ª©c, H·ªì Ch√≠ Minh","https://www.google.com/maps/place/TRUNG+NGUY%C3%8AN+LEGEND+COFFEE/@10.8450625,106.7921129,17z/data=!4m6!3m5!1s0x3175270319494f6d:0x4037fc415fc0a84d!8m2!3d10.8450625!4d106.7921129!16s%2Fg%2F11fptzdxb8?authuser=0&hl=en&entry=ttu&g_ep=EgoyMDI1MDMzMC4wIKXMDSoASAFQAw%3D%3D",B·∫±ng Nguy·ªÖn Tr·ªçng,3.0,2025-04-01,"Few places to charge phone batteries, uncomfortable seats"
TRUNG_NGUY√äN_LEGEND_COFFEE,"441 L√™ VƒÉn Vi·ªát, TƒÉng Nh∆°n Ph√∫ A, Th·ªß ƒê·ª©c, H·ªì Ch√≠ Minh","https://www.google.com/maps/place/TRUNG+NGUY%C3%8AN+LEGEND+COFFEE/@10.8450625,106.7921129,17z/data=!4m6!3m5!1s0x3175270319494f6d:0x4037fc415fc0a84d!8m2!3d10.8450625!4d106.7921129!16s%2Fg%2F11fptzdxb8?authuser=0&hl=en&entry=ttu&g_ep=EgoyMDI1MDMzMC4wIKXMDSoASAFQAw%3D%3D",ƒê·ª©c Th√†nh Nguy·ªÖn,5.0,2025-04-01,The restaurant is spacious. Delicious drinks
TRUNG_NGUY√äN_LEGEND_COFFEE,"441 L√™ VƒÉn Vi·ªát, TƒÉng Nh∆°n Ph√∫ A, Th·ªß ƒê·ª©c, H·ªì Ch√≠ Minh","https://www.google.com/maps/place/TRUNG+NGUY%C3%8AN+LEGEND+COFFEE/@10.8450625,106.7921129,17z/data=!4m6!3m5!1s0x3175270319494f6d:0x4037fc415fc0a84d!8m2!3d10.8450625!4d106.7921129!16s%2Fg%2F11fptzdxb8?authuser=0&hl=en&entry=ttu&g_ep=EgoyMDI1MDMzMC4wIKXMDSoASAFQAw%3D%3D",Ng·ªçc ƒê·∫°t H·ªì,5.0,2025-04-01,Distinctive
TRUNG_NGUY√äN_LEGEND_COFFEE,"441 L√™ VƒÉn Vi·ªát, TƒÉng Nh∆°n Ph√∫ A, Th·ªß ƒê·ª©c, H·ªì Ch√≠ Minh","https://www.google.com/maps/place/TRUNG+NGUY%C3%8AN+LEGEND+COFFEE/@10.8450625,106.7921129,17z/data=!4m6!3m5!1s0x3175270319494f6d:0x4037fc415fc0a84d!8m2!3d10.8450625!4d106.7921129!16s%2Fg%2F11fptzdxb8?authuser=0&hl=en&entry=ttu&g_ep=EgoyMDI1MDMzMC4wIKXMDSoASAFQAw%3D%3D",ƒê√îNG NET TH√ÄNH,5.0,2025-04-01,Number 1 District 9
TRUNG_NGUY√äN_LEGEND_COFFEE,"441 L√™ VƒÉn Vi·ªát, TƒÉng Nh∆°n Ph√∫ A, Th·ªß ƒê·ª©c, H·ªì Ch√≠ Minh","https://www.google.com/maps/place/TRUNG+NGUY%C3%8AN+LEGEND+COFFEE/@10.8450625,106.7921129,17z/data=!4m6!3m5!1s0x3175270319494f6d:0x4037fc415fc0a84d!8m2!3d10.8450625!4d106.7921129!16s%2Fg%2F11fptzdxb8?authuser=0&hl=en&entry=ttu&g_ep=EgoyMDI1MDMzMC4wIKXMDSoASAFQAw%3D%3D",huyen phan,4.0,2025-04-01,"View is good, staff is polite"
TRUNG_NGUY√äN_LEGEND_COFFEE,"441 L√™ VƒÉn Vi·ªát, TƒÉng Nh∆°n Ph√∫ A, Th·ªß ƒê·ª©c, H·ªì Ch√≠ Minh","https://www.google.com/maps/place/TRUNG+NGUY%C3%8AN+LEGEND+COFFEE/@10.8450625,106.7921129,17z/data=!4m6!3m5!1s0x3175270319494f6d:0x4037fc415fc0a84d!8m2!3d10.8450625!4d106.7921129!16s%2Fg%2F11fptzdxb8?authuser=0&hl=en&entry=ttu&g_ep=EgoyMDI1MDMzMC4wIKXMDSoASAFQAw%3D%3D",Th√†nh ƒê·∫°t Nguy·ªÖn,5.0,2025-04-01,Never been disappointed with the Trung Nguyen Legend brand
TRUNG_NGUY√äN_LEGEND_COFFEE,"441 L√™ VƒÉn Vi·ªát, TƒÉng Nh∆°n Ph√∫ A, Th·ªß ƒê·ª©c, H·ªì Ch√≠ Minh","https://www.google.com/maps/place/TRUNG+NGUY%C3%8AN+LEGEND+COFFEE/@10.8450625,106.7921129,17z/data=!4m6!3m5!1s0x3175270319494f6d:0x4037fc415fc0a84d!8m2!3d10.8450625!4d106.7921129!16s%2Fg%2F11fptzdxb8?authuser=0&hl=en&entry=ttu&g_ep=EgoyMDI1MDMzMC4wIKXMDSoASAFQAw%3D%3D",H·∫† K·ª≤,2.0,2025-04-01,The staff is not okay. Price is a bit high
TRUNG_NGUY√äN_LEGEND_COFFEE,"441 L√™ VƒÉn Vi·ªát, TƒÉng Nh∆°n Ph√∫ A, Th·ªß ƒê·ª©c, H·ªì Ch√≠ Minh","https://www.google.com/maps/place/TRUNG+NGUY%C3%8AN+LEGEND+COFFEE/@10.8450625,106.7921129,17z/data=!4m6!3m5!1s0x3175270319494f6d:0x4037fc415fc0a84d!8m2!3d10.8450625!4d106.7921129!16s%2Fg%2F11fptzdxb8?authuser=0&hl=en&entry=ttu&g_ep=EgoyMDI1MDMzMC4wIKXMDSoASAFQAw%3D%3D",An Tran,1.0,2024-04-01,Cannot use wifi
TRUNG_NGUY√äN_LEGEND_COFFEE,"441 L√™ VƒÉn Vi·ªát, TƒÉng Nh∆°n Ph√∫ A, Th·ªß ƒê·ª©c, H·ªì Ch√≠ Minh","https://www.google.com/maps/place/TRUNG+NGUY%C3%8AN+LEGEND+COFFEE/@10.8450625,106.7921129,17z/data=!4m6!3m5!1s0x3175270319494f6d:0x4037fc415fc0a84d!8m2!3d10.8450625!4d106.7921129!16s%2Fg%2F11fptzdxb8?authuser=0&hl=en&entry=ttu&g_ep=EgoyMDI1MDMzMC4wIKXMDSoASAFQAw%3D%3D",Jean-Fran√ßois FINANCE (Jean-Fran√ßois Raconte),4.0,2025-04-01,Caf√© s·ª≠a ƒë√£ a little expensive but the setting is nice as well as the service
TRUNG_NGUY√äN_LEGEND_COFFEE,"441 L√™ VƒÉn Vi·ªát, TƒÉng Nh∆°n Ph√∫ A, Th·ªß ƒê·ª©c, H·ªì Ch√≠ Minh","https://www.google.com/maps/place/TRUNG+NGUY%C3%8AN+LEGEND+COFFEE/@10.8450625,106.7921129,17z/data=!4m6!3m5!1s0x3175270319494f6d:0x4037fc415fc0a84d!8m2!3d10.8450625!4d106.7921129!16s%2Fg%2F11fptzdxb8?authuser=0&hl=en&entry=ttu&g_ep=EgoyMDI1MDMzMC4wIKXMDSoASAFQAw%3D%3D",H√¢n Tr·∫ßn,3.0,2025-04-01,"The space is okay, a little bit of drinks"
TRUNG_NGUY√äN_LEGEND_COFFEE,"441 L√™ VƒÉn Vi·ªát, TƒÉng Nh∆°n Ph√∫ A, Th·ªß ƒê·ª©c, H·ªì Ch√≠ Minh","https://www.google.com/maps/place/TRUNG+NGUY%C3%8AN+LEGEND+COFFEE/@10.8450625,106.7921129,17z/data=!4m6!3m5!1s0x3175270319494f6d:0x4037fc415fc0a84d!8m2!3d10.8450625!4d106.7921129!16s%2Fg%2F11fptzdxb8?authuser=0&hl=en&entry=ttu&g_ep=EgoyMDI1MDMzMC4wIKXMDSoASAFQAw%3D%3D",Th√†nh ƒê√¥ng Vi T√≠nh,5.0,2025-04-01,Clearing the deadlock
TRUNG_NGUY√äN_LEGEND_COFFEE,"441 L√™ VƒÉn Vi·ªát, TƒÉng Nh∆°n Ph√∫ A, Th·ªß ƒê·ª©c, H·ªì Ch√≠ Minh","https://www.google.com/maps/place/TRUNG+NGUY%C3%8AN+LEGEND+COFFEE/@10.8450625,106.7921129,17z/data=!4m6!3m5!1s0x3175270319494f6d:0x4037fc415fc0a84d!8m2!3d10.8450625!4d106.7921129!16s%2Fg%2F11fptzdxb8?authuser=0&hl=en&entry=ttu&g_ep=EgoyMDI1MDMzMC4wIKXMDSoASAFQAw%3D%3D",sales vinat,5.0,2025-04-01,Long-standing Trung Nguyen cafe
TRUNG_NGUY√äN_LEGEND_COFFEE,"441 L√™ VƒÉn Vi·ªát, TƒÉng Nh∆°n Ph√∫ A, Th·ªß ƒê·ª©c, H·ªì Ch√≠ Minh","https://www.google.com/maps/place/TRUNG+NGUY%C3%8AN+LEGEND+COFFEE/@10.8450625,106.7921129,17z/data=!4m6!3m5!1s0x3175270319494f6d:0x4037fc415fc0a84d!8m2!3d10.8450625!4d106.7921129!16s%2Fg%2F11fptzdxb8?authuser=0&hl=en&entry=ttu&g_ep=EgoyMDI1MDMzMC4wIKXMDSoASAFQAw%3D%3D",Duy ‚ÄúVietnamese Gangz‚Äù Nguy·ªÖn,5.0,2025-04-01,"Everything is delicious, the snacks are also delicious"
TRUNG_NGUY√äN_LEGEND_COFFEE,"441 L√™ VƒÉn Vi·ªát, TƒÉng Nh∆°n Ph√∫ A, Th·ªß ƒê·ª©c, H·ªì Ch√≠ Minh","https://www.google.com/maps/place/TRUNG+NGUY%C3%8AN+LEGEND+COFFEE/@10.8450625,106.7921129,17z/data=!4m6!3m5!1s0x3175270319494f6d:0x4037fc415fc0a84d!8m2!3d10.8450625!4d106.7921129!16s%2Fg%2F11fptzdxb8?authuser=0&hl=en&entry=ttu&g_ep=EgoyMDI1MDMzMC4wIKXMDSoASAFQAw%3D%3D",Nh∆∞ Ng·ªçc VƒÉn,5.0,2024-04-01,Friendly and cheerful staff
TRUNG_NGUY√äN_LEGEND_COFFEE,"441 L√™ VƒÉn Vi·ªát, TƒÉng Nh∆°n Ph√∫ A, Th·ªß ƒê·ª©c, H·ªì Ch√≠ Minh","https://www.google.com/maps/place/TRUNG+NGUY%C3%8AN+LEGEND+COFFEE/@10.8450625,106.7921129,17z/data=!4m6!3m5!1s0x3175270319494f6d:0x4037fc415fc0a84d!8m2!3d10.8450625!4d106.7921129!16s%2Fg%2F11fptzdxb8?authuser=0&hl=en&entry=ttu&g_ep=EgoyMDI1MDMzMC4wIKXMDSoASAFQAw%3D%3D",Phanvan Phuc,4.0,2025-04-01,Enjoy a cup of quality coffee
TRUNG_NGUY√äN_LEGEND_COFFEE,"441 L√™ VƒÉn Vi·ªát, TƒÉng Nh∆°n Ph√∫ A, Th·ªß ƒê·ª©c, H·ªì Ch√≠ Minh","https://www.google.com/maps/place/TRUNG+NGUY%C3%8AN+LEGEND+COFFEE/@10.8450625,106.7921129,17z/data=!4m6!3m5!1s0x3175270319494f6d:0x4037fc415fc0a84d!8m2!3d10.8450625!4d106.7921129!16s%2Fg%2F11fptzdxb8?authuser=0&hl=en&entry=ttu&g_ep=EgoyMDI1MDMzMC4wIKXMDSoASAFQAw%3D%3D",Hoang Hung,4.0,2025-04-01,Space and drinks are ok
TRUNG_NGUY√äN_LEGEND_COFFEE,"441 L√™ VƒÉn Vi·ªát, TƒÉng Nh∆°n Ph√∫ A, Th·ªß ƒê·ª©c, H·ªì Ch√≠ Minh","https://www.google.com/maps/place/TRUNG+NGUY%C3%8AN+LEGEND+COFFEE/@10.8450625,106.7921129,17z/data=!4m6!3m5!1s0x3175270319494f6d:0x4037fc415fc0a84d!8m2!3d10.8450625!4d106.7921129!16s%2Fg%2F11fptzdxb8?authuser=0&hl=en&entry=ttu&g_ep=EgoyMDI1MDMzMC4wIKXMDSoASAFQAw%3D%3D",pham minh phu,5.0,2025-04-01,Enthusiastic and cheerful protection
TRUNG_NGUY√äN_LEGEND_COFFEE,"441 L√™ VƒÉn Vi·ªát, TƒÉng Nh∆°n Ph√∫ A, Th·ªß ƒê·ª©c, H·ªì Ch√≠ Minh","https://www.google.com/maps/place/TRUNG+NGUY%C3%8AN+LEGEND+COFFEE/@10.8450625,106.7921129,17z/data=!4m6!3m5!1s0x3175270319494f6d:0x4037fc415fc0a84d!8m2!3d10.8450625!4d106.7921129!16s%2Fg%2F11fptzdxb8?authuser=0&hl=en&entry=ttu&g_ep=EgoyMDI1MDMzMC4wIKXMDSoASAFQAw%3D%3D",Tony Tran,5.0,2025-04-01,"Delicious vegetarian food, good quality, reasonable price"
TRUNG_NGUY√äN_LEGEND_COFFEE,"441 L√™ VƒÉn Vi·ªát, TƒÉng Nh∆°n Ph√∫ A, Th·ªß ƒê·ª©c, H·ªì Ch√≠ Minh","https://www.google.com/maps/place/TRUNG+NGUY%C3%8AN+LEGEND+COFFEE/@10.8450625,106.7921129,17z/data=!4m6!3m5!1s0x3175270319494f6d:0x4037fc415fc0a84d!8m2!3d10.8450625!4d106.7921129!16s%2Fg%2F11fptzdxb8?authuser=0&hl=en&entry=ttu&g_ep=EgoyMDI1MDMzMC4wIKXMDSoASAFQAw%3D%3D",Thi√™n Nguy·ªÖn,5.0,2025-04-01,Great
TRUNG_NGUY√äN_LEGEND_COFFEE,"441 L√™ VƒÉn Vi·ªát, TƒÉng Nh∆°n Ph√∫ A, Th·ªß ƒê·ª©c, H·ªì Ch√≠ Minh","https://www.google.com/maps/place/TRUNG+NGUY%C3%8AN+LEGEND+COFFEE/@10.8450625,106.7921129,17z/data=!4m6!3m5!1s0x3175270319494f6d:0x4037fc415fc0a84d!8m2!3d10.8450625!4d106.7921129!16s%2Fg%2F11fptzdxb8?authuser=0&hl=en&entry=ttu&g_ep=EgoyMDI1MDMzMC4wIKXMDSoASAFQAw%3D%3D",Cao Phong,5.0,2025-04-01,Also good for new styles..
TRUNG_NGUY√äN_LEGEND_COFFEE,"441 L√™ VƒÉn Vi·ªát, TƒÉng Nh∆°n Ph√∫ A, Th·ªß ƒê·ª©c, H·ªì Ch√≠ Minh","https://www.google.com/maps/place/TRUNG+NGUY%C3%8AN+LEGEND+COFFEE/@10.8450625,106.7921129,17z/data=!4m6!3m5!1s0x3175270319494f6d:0x4037fc415fc0a84d!8m2!3d10.8450625!4d106.7921129!16s%2Fg%2F11fptzdxb8?authuser=0&hl=en&entry=ttu&g_ep=EgoyMDI1MDMzMC4wIKXMDSoASAFQAw%3D%3D",Van Hung,3.0,2025-04-01,"Beautiful, clean, stylish"
TRUNG_NGUY√äN_LEGEND_COFFEE,"441 L√™ VƒÉn Vi·ªát, TƒÉng Nh∆°n Ph√∫ A, Th·ªß ƒê·ª©c, H·ªì Ch√≠ Minh","https://www.google.com/maps/place/TRUNG+NGUY%C3%8AN+LEGEND+COFFEE/@10.8450625,106.7921129,17z/data=!4m6!3m5!1s0x3175270319494f6d:0x4037fc415fc0a84d!8m2!3d10.8450625!4d106.7921129!16s%2Fg%2F11fptzdxb8?authuser=0&hl=en&entry=ttu&g_ep=EgoyMDI1MDMzMC4wIKXMDSoASAFQAw%3D%3D",ƒê·ª©c Th√†nh Nguy·ªÖn,4.0,2025-04-01,Beautiful location at the Transport School
TRUNG_NGUY√äN_LEGEND_COFFEE,"441 L√™ VƒÉn Vi·ªát, TƒÉng Nh∆°n Ph√∫ A, Th·ªß ƒê·ª©c, H·ªì Ch√≠ Minh","https://www.google.com/maps/place/TRUNG+NGUY%C3%8AN+LEGEND+COFFEE/@10.8450625,106.7921129,17z/data=!4m6!3m5!1s0x3175270319494f6d:0x4037fc415fc0a84d!8m2!3d10.8450625!4d106.7921129!16s%2Fg%2F11fptzdxb8?authuser=0&hl=en&entry=ttu&g_ep=EgoyMDI1MDMzMC4wIKXMDSoASAFQAw%3D%3D",L·ªá Quy√™n Ho√†ng,5.0,2025-04-01,Beautiful but the price is a bit high
TRUNG_NGUY√äN_LEGEND_COFFEE,"441 L√™ VƒÉn Vi·ªát, TƒÉng Nh∆°n Ph√∫ A, Th·ªß ƒê·ª©c, H·ªì Ch√≠ Minh","https://www.google.com/maps/place/TRUNG+NGUY%C3%8AN+LEGEND+COFFEE/@10.8450625,106.7921129,17z/data=!4m6!3m5!1s0x3175270319494f6d:0x4037fc415fc0a84d!8m2!3d10.8450625!4d106.7921129!16s%2Fg%2F11fptzdxb8?authuser=0&hl=en&entry=ttu&g_ep=EgoyMDI1MDMzMC4wIKXMDSoASAFQAw%3D%3D",l·ªôc nguy·ªÖn h·ªØu,4.0,2024-04-01,Closed a bit early
TRUNG_NGUY√äN_LEGEND_COFFEE,"441 L√™ VƒÉn Vi·ªát, TƒÉng Nh∆°n Ph√∫ A, Th·ªß ƒê·ª©c, H·ªì Ch√≠ Minh","https://www.google.com/maps/place/TRUNG+NGUY%C3%8AN+LEGEND+COFFEE/@10.8450625,106.7921129,17z/data=!4m6!3m5!1s0x3175270319494f6d:0x4037fc415fc0a84d!8m2!3d10.8450625!4d106.7921129!16s%2Fg%2F11fptzdxb8?authuser=0&hl=en&entry=ttu&g_ep=EgoyMDI1MDMzMC4wIKXMDSoASAFQAw%3D%3D",KND PT,5.0,2025-04-01,good restaurant
TRUNG_NGUY√äN_LEGEND_COFFEE,"441 L√™ VƒÉn Vi·ªát, TƒÉng Nh∆°n Ph√∫ A, Th·ªß ƒê·ª©c, H·ªì Ch√≠ Minh","https://www.google.com/maps/place/TRUNG+NGUY%C3%8AN+LEGEND+COFFEE/@10.8450625,106.7921129,17z/data=!4m6!3m5!1s0x3175270319494f6d:0x4037fc415fc0a84d!8m2!3d10.8450625!4d106.7921129!16s%2Fg%2F11fptzdxb8?authuser=0&hl=en&entry=ttu&g_ep=EgoyMDI1MDMzMC4wIKXMDSoASAFQAw%3D%3D",Hi·ªÅn Minh,5.0,2025-04-01,Airy space
TRUNG_NGUY√äN_LEGEND_COFFEE,"441 L√™ VƒÉn Vi·ªát, TƒÉng Nh∆°n Ph√∫ A, Th·ªß ƒê·ª©c, H·ªì Ch√≠ Minh","https://www.google.com/maps/place/TRUNG+NGUY%C3%8AN+LEGEND+COFFEE/@10.8450625,106.7921129,17z/data=!4m6!3m5!1s0x3175270319494f6d:0x4037fc415fc0a84d!8m2!3d10.8450625!4d106.7921129!16s%2Fg%2F11fptzdxb8?authuser=0&hl=en&entry=ttu&g_ep=EgoyMDI1MDMzMC4wIKXMDSoASAFQAw%3D%3D",ƒê·ª©c T√πng,5.0,2024-04-01,Coffee taste of Vietnamese people
TRUNG_NGUY√äN_LEGEND_COFFEE,"441 L√™ VƒÉn Vi·ªát, TƒÉng Nh∆°n Ph√∫ A, Th·ªß ƒê·ª©c, H·ªì Ch√≠ Minh","https://www.google.com/maps/place/TRUNG+NGUY%C3%8AN+LEGEND+COFFEE/@10.8450625,106.7921129,17z/data=!4m6!3m5!1s0x3175270319494f6d:0x4037fc415fc0a84d!8m2!3d10.8450625!4d106.7921129!16s%2Fg%2F11fptzdxb8?authuser=0&hl=en&entry=ttu&g_ep=EgoyMDI1MDMzMC4wIKXMDSoASAFQAw%3D%3D",Nguy·ªÖn V≈©,5.0,2025-04-01,Good coffee
TRUNG_NGUY√äN_LEGEND_COFFEE,"441 L√™ VƒÉn Vi·ªát, TƒÉng Nh∆°n Ph√∫ A, Th·ªß ƒê·ª©c, H·ªì Ch√≠ Minh","https://www.google.com/maps/place/TRUNG+NGUY%C3%8AN+LEGEND+COFFEE/@10.8450625,106.7921129,17z/data=!4m6!3m5!1s0x3175270319494f6d:0x4037fc415fc0a84d!8m2!3d10.8450625!4d106.7921129!16s%2Fg%2F11fptzdxb8?authuser=0&hl=en&entry=ttu&g_ep=EgoyMDI1MDMzMC4wIKXMDSoASAFQAw%3D%3D",Khoa Duy,5.0,2025-04-01,The shop is cool and clean
TRUNG_NGUY√äN_LEGEND_COFFEE,"441 L√™ VƒÉn Vi·ªát, TƒÉng Nh∆°n Ph√∫ A, Th·ªß ƒê·ª©c, H·ªì Ch√≠ Minh","https://www.google.com/maps/place/TRUNG+NGUY%C3%8AN+LEGEND+COFFEE/@10.8450625,106.7921129,17z/data=!4m6!3m5!1s0x3175270319494f6d:0x4037fc415fc0a84d!8m2!3d10.8450625!4d106.7921129!16s%2Fg%2F11fptzdxb8?authuser=0&hl=en&entry=ttu&g_ep=EgoyMDI1MDMzMC4wIKXMDSoASAFQAw%3D%3D",H∆∞∆°ng ƒê·ªó Thu,4.0,2025-04-01,okay
TRUNG_NGUY√äN_LEGEND_COFFEE,"441 L√™ VƒÉn Vi·ªát, TƒÉng Nh∆°n Ph√∫ A, Th·ªß ƒê·ª©c, H·ªì Ch√≠ Minh","https://www.google.com/maps/place/TRUNG+NGUY%C3%8AN+LEGEND+COFFEE/@10.8450625,106.7921129,17z/data=!4m6!3m5!1s0x3175270319494f6d:0x4037fc415fc0a84d!8m2!3d10.8450625!4d106.7921129!16s%2Fg%2F11fptzdxb8?authuser=0&hl=en&entry=ttu&g_ep=EgoyMDI1MDMzMC4wIKXMDSoASAFQAw%3D%3D",Nguy·ªÖn Trung Hi·∫øu,5.0,2025-04-01,Spacious space
TRUNG_NGUY√äN_LEGEND_COFFEE,"441 L√™ VƒÉn Vi·ªát, TƒÉng Nh∆°n Ph√∫ A, Th·ªß ƒê·ª©c, H·ªì Ch√≠ Minh","https://www.google.com/maps/place/TRUNG+NGUY%C3%8AN+LEGEND+COFFEE/@10.8450625,106.7921129,17z/data=!4m6!3m5!1s0x3175270319494f6d:0x4037fc415fc0a84d!8m2!3d10.8450625!4d106.7921129!16s%2Fg%2F11fptzdxb8?authuser=0&hl=en&entry=ttu&g_ep=EgoyMDI1MDMzMC4wIKXMDSoASAFQAw%3D%3D",H·ª£p Tr·∫ßn M·∫°nh,5.0,2025-04-01,"Great, delicious coffee"
TRUNG_NGUY√äN_LEGEND_COFFEE,"441 L√™ VƒÉn Vi·ªát, TƒÉng Nh∆°n Ph√∫ A, Th·ªß ƒê·ª©c, H·ªì Ch√≠ Minh","https://www.google.com/maps/place/TRUNG+NGUY%C3%8AN+LEGEND+COFFEE/@10.8450625,106.7921129,17z/data=!4m6!3m5!1s0x3175270319494f6d:0x4037fc415fc0a84d!8m2!3d10.8450625!4d106.7921129!16s%2Fg%2F11fptzdxb8?authuser=0&hl=en&entry=ttu&g_ep=EgoyMDI1MDMzMC4wIKXMDSoASAFQAw%3D%3D",Vu Tuan Trung,4.0,2025-04-01,Delicious & spacious cafe
TRUNG_NGUY√äN_LEGEND_COFFEE,"441 L√™ VƒÉn Vi·ªát, TƒÉng Nh∆°n Ph√∫ A, Th·ªß ƒê·ª©c, H·ªì Ch√≠ Minh","https://www.google.com/maps/place/TRUNG+NGUY%C3%8AN+LEGEND+COFFEE/@10.8450625,106.7921129,17z/data=!4m6!3m5!1s0x3175270319494f6d:0x4037fc415fc0a84d!8m2!3d10.8450625!4d106.7921129!16s%2Fg%2F11fptzdxb8?authuser=0&hl=en&entry=ttu&g_ep=EgoyMDI1MDMzMC4wIKXMDSoASAFQAw%3D%3D",COFFEE FAVIO,4.0,2025-04-01,Fine.
TRUNG_NGUY√äN_LEGEND_COFFEE,"441 L√™ VƒÉn Vi·ªát, TƒÉng Nh∆°n Ph√∫ A, Th·ªß ƒê·ª©c, H·ªì Ch√≠ Minh","https://www.google.com/maps/place/TRUNG+NGUY%C3%8AN+LEGEND+COFFEE/@10.8450625,106.7921129,17z/data=!4m6!3m5!1s0x3175270319494f6d:0x4037fc415fc0a84d!8m2!3d10.8450625!4d106.7921129!16s%2Fg%2F11fptzdxb8?authuser=0&hl=en&entry=ttu&g_ep=EgoyMDI1MDMzMC4wIKXMDSoASAFQAw%3D%3D",luan nhat,1.0,2025-04-01,Service is too boring
TRUNG_NGUY√äN_LEGEND_COFFEE,"441 L√™ VƒÉn Vi·ªát, TƒÉng Nh∆°n Ph√∫ A, Th·ªß ƒê·ª©c, H·ªì Ch√≠ Minh","https://www.google.com/maps/place/TRUNG+NGUY%C3%8AN+LEGEND+COFFEE/@10.8450625,106.7921129,17z/data=!4m6!3m5!1s0x3175270319494f6d:0x4037fc415fc0a84d!8m2!3d10.8450625!4d106.7921129!16s%2Fg%2F11fptzdxb8?authuser=0&hl=en&entry=ttu&g_ep=EgoyMDI1MDMzMC4wIKXMDSoASAFQAw%3D%3D",Dream Boy,5.0,2025-04-01,So cute
TRUNG_NGUY√äN_LEGEND_COFFEE,"441 L√™ VƒÉn Vi·ªát, TƒÉng Nh∆°n Ph√∫ A, Th·ªß ƒê·ª©c, H·ªì Ch√≠ Minh","https://www.google.com/maps/place/TRUNG+NGUY%C3%8AN+LEGEND+COFFEE/@10.8450625,106.7921129,17z/data=!4m6!3m5!1s0x3175270319494f6d:0x4037fc415fc0a84d!8m2!3d10.8450625!4d106.7921129!16s%2Fg%2F11fptzdxb8?authuser=0&hl=en&entry=ttu&g_ep=EgoyMDI1MDMzMC4wIKXMDSoASAFQAw%3D%3D",LOTTE HCM L√ÇM KH·∫ÆC PHONG,5.0,2025-04-01,Dear brand
TRUNG_NGUY√äN_LEGEND_COFFEE,"441 L√™ VƒÉn Vi·ªát, TƒÉng Nh∆°n Ph√∫ A, Th·ªß ƒê·ª©c, H·ªì Ch√≠ Minh","https://www.google.com/maps/place/TRUNG+NGUY%C3%8AN+LEGEND+COFFEE/@10.8450625,106.7921129,17z/data=!4m6!3m5!1s0x3175270319494f6d:0x4037fc415fc0a84d!8m2!3d10.8450625!4d106.7921129!16s%2Fg%2F11fptzdxb8?authuser=0&hl=en&entry=ttu&g_ep=EgoyMDI1MDMzMC4wIKXMDSoASAFQAw%3D%3D",h·∫£i tr·ªãnh vƒÉn,5.0,2025-04-01,Good service
TRUNG_NGUY√äN_LEGEND_COFFEE,"441 L√™ VƒÉn Vi·ªát, TƒÉng Nh∆°n Ph√∫ A, Th·ªß ƒê·ª©c, H·ªì Ch√≠ Minh","https://www.google.com/maps/place/TRUNG+NGUY%C3%8AN+LEGEND+COFFEE/@10.8450625,106.7921129,17z/data=!4m6!3m5!1s0x3175270319494f6d:0x4037fc415fc0a84d!8m2!3d10.8450625!4d106.7921129!16s%2Fg%2F11fptzdxb8?authuser=0&hl=en&entry=ttu&g_ep=EgoyMDI1MDMzMC4wIKXMDSoASAFQAw%3D%3D",Si√™u th·ªã c·ª≠a c·ªïng,5.0,2025-04-01,Worthy of a mediocre title
TRUNG_NGUY√äN_LEGEND_COFFEE,"441 L√™ VƒÉn Vi·ªát, TƒÉng Nh∆°n Ph√∫ A, Th·ªß ƒê·ª©c, H·ªì Ch√≠ Minh","https://www.google.com/maps/place/TRUNG+NGUY%C3%8AN+LEGEND+COFFEE/@10.8450625,106.7921129,17z/data=!4m6!3m5!1s0x3175270319494f6d:0x4037fc415fc0a84d!8m2!3d10.8450625!4d106.7921129!16s%2Fg%2F11fptzdxb8?authuser=0&hl=en&entry=ttu&g_ep=EgoyMDI1MDMzMC4wIKXMDSoASAFQAw%3D%3D",nguy·ªÖn ƒë·ª©c tr√≠,5.0,2025-04-01,Frequent destination
TRUNG_NGUY√äN_LEGEND_COFFEE,"441 L√™ VƒÉn Vi·ªát, TƒÉng Nh∆°n Ph√∫ A, Th·ªß ƒê·ª©c, H·ªì Ch√≠ Minh","https://www.google.com/maps/place/TRUNG+NGUY%C3%8AN+LEGEND+COFFEE/@10.8450625,106.7921129,17z/data=!4m6!3m5!1s0x3175270319494f6d:0x4037fc415fc0a84d!8m2!3d10.8450625!4d106.7921129!16s%2Fg%2F11fptzdxb8?authuser=0&hl=en&entry=ttu&g_ep=EgoyMDI1MDMzMC4wIKXMDSoASAFQAw%3D%3D",ƒê·ªãnh Xu√¢n,5.0,2025-04-01,Beautiful
TRUNG_NGUY√äN_LEGEND_COFFEE,"441 L√™ VƒÉn Vi·ªát, TƒÉng Nh∆°n Ph√∫ A, Th·ªß ƒê·ª©c, H·ªì Ch√≠ Minh","https://www.google.com/maps/place/TRUNG+NGUY%C3%8AN+LEGEND+COFFEE/@10.8450625,106.7921129,17z/data=!4m6!3m5!1s0x3175270319494f6d:0x4037fc415fc0a84d!8m2!3d10.8450625!4d106.7921129!16s%2Fg%2F11fptzdxb8?authuser=0&hl=en&entry=ttu&g_ep=EgoyMDI1MDMzMC4wIKXMDSoASAFQAw%3D%3D",Pt21 Kwdt,1.0,2024-04-01,Bad
TRUNG_NGUY√äN_LEGEND_COFFEE,"441 L√™ VƒÉn Vi·ªát, TƒÉng Nh∆°n Ph√∫ A, Th·ªß ƒê·ª©c, H·ªì Ch√≠ Minh","https://www.google.com/maps/place/TRUNG+NGUY%C3%8AN+LEGEND+COFFEE/@10.8450625,106.7921129,17z/data=!4m6!3m5!1s0x3175270319494f6d:0x4037fc415fc0a84d!8m2!3d10.8450625!4d106.7921129!16s%2Fg%2F11fptzdxb8?authuser=0&hl=en&entry=ttu&g_ep=EgoyMDI1MDMzMC4wIKXMDSoASAFQAw%3D%3D",To√†n L√™ ƒê·ª©c,4.0,2025-04-01,Space
TRUNG_NGUY√äN_LEGEND_COFFEE,"441 L√™ VƒÉn Vi·ªát, TƒÉng Nh∆°n Ph√∫ A, Th·ªß ƒê·ª©c, H·ªì Ch√≠ Minh","https://www.google.com/maps/place/TRUNG+NGUY%C3%8AN+LEGEND+COFFEE/@10.8450625,106.7921129,17z/data=!4m6!3m5!1s0x3175270319494f6d:0x4037fc415fc0a84d!8m2!3d10.8450625!4d106.7921129!16s%2Fg%2F11fptzdxb8?authuser=0&hl=en&entry=ttu&g_ep=EgoyMDI1MDMzMC4wIKXMDSoASAFQAw%3D%3D",Nguy·ªÖn H·ªìng Ph√∫c,5.0,2025-04-01,Good coffee
TRUNG_NGUY√äN_LEGEND_COFFEE,"441 L√™ VƒÉn Vi·ªát, TƒÉng Nh∆°n Ph√∫ A, Th·ªß ƒê·ª©c, H·ªì Ch√≠ Minh","https://www.google.com/maps/place/TRUNG+NGUY%C3%8AN+LEGEND+COFFEE/@10.8450625,106.7921129,17z/data=!4m6!3m5!1s0x3175270319494f6d:0x4037fc415fc0a84d!8m2!3d10.8450625!4d106.7921129!16s%2Fg%2F11fptzdxb8?authuser=0&hl=en&entry=ttu&g_ep=EgoyMDI1MDMzMC4wIKXMDSoASAFQAw%3D%3D",G√† Asil,5.0,2025-04-01,Tasty
TRUNG_NGUY√äN_LEGEND_COFFEE,"441 L√™ VƒÉn Vi·ªát, TƒÉng Nh∆°n Ph√∫ A, Th·ªß ƒê·ª©c, H·ªì Ch√≠ Minh","https://www.google.com/maps/place/TRUNG+NGUY%C3%8AN+LEGEND+COFFEE/@10.8450625,106.7921129,17z/data=!4m6!3m5!1s0x3175270319494f6d:0x4037fc415fc0a84d!8m2!3d10.8450625!4d106.7921129!16s%2Fg%2F11fptzdxb8?authuser=0&hl=en&entry=ttu&g_ep=EgoyMDI1MDMzMC4wIKXMDSoASAFQAw%3D%3D",mau duc Nguyen,4.0,2025-04-01,Good coffee
